,team1,team2,pre1,pre2,prob1,prob2,score1,score2
20,22,25,2158.8340958148838,2144.770447636794,0.7182986648171688,0.7014146969081394,4.0,0.0
21,5,11,2148.199970346813,2086.3046498055037,0.9136998268824275,0.5028681584945253,0.0,2.0
22,14,15,2263.656355266145,2129.0009397220256,0.9804280571488895,0.4349956075873483,3.0,0.0
23,22,25,2155.6465061758904,2147.960551412422,0.7669804318194726,0.6472452461601943,11.0,9.0
24,19,6,2175.7139179443757,2137.7149193072323,0.8316154825769069,0.585092735772224,6.0,4.0
25,2,7,2177.2732810230877,2133.324681337075,0.8448635868452072,0.57135236668084,5.0,0.0
26,14,15,2262.0260133617603,2130.6315291236156,1.0128624318536854,0.4015959329473541,4.0,2.0
27,8,18,2155.9109236049494,2204.331220787428,0.6697595890741312,0.7444630410715546,9.0,10.0
28,22,25,2160.4512753629556,2143.1516992972292,0.7715603563544893,0.6429291166623493,4.0,7.0
29,26,28,2207.8238544063606,2113.6446054526846,0.8897957301895854,0.5278697055298142,8.0,2.0
30,19,6,2173.0204515602304,2140.407488358961,0.8200756254756649,0.59678293487668,5.0,3.0
31,5,11,2154.812785393217,2079.689059188341,0.9034075973582634,0.5108160753503236,1.0,5.0
32,16,12,2179.5509551763334,2185.594498479139,0.735930508273864,0.6790107133355764,1.0,3.0
33,2,7,2175.319971563616,2135.2773208649096,0.8332848175257721,0.5834199716117519,1.0,0.0
34,8,18,2163.2342706463073,2197.006274586778,0.6714313859482436,0.7445957100810593,3.0,12.0
35,26,28,2205.6670961568743,2115.80184967814,0.9154566217412731,0.4990066792880675,3.0,1.0
36,19,6,2177.901880903935,2135.5370046461962,0.7933458506360971,0.6343137562270077,1.0,4.0
37,16,12,2183.9808267844182,2181.1644603911673,0.77197829689353,0.6422822507071579,1.0,4.0
38,25,15,2140.599375806931,2133.183044196224,0.7475126684269198,0.6680392612274623,5.0,2.0
39,26,20,2202.6448717922635,2120.8849731325085,0.8016370314950534,0.6210419088685705,5.0,0.0
40,19,23,2175.5028992154785,2077.344727050866,0.8471019873294205,0.5692098950062393,6.0,2.0
41,16,7,2186.5150214907253,2132.744431178888,0.8071963420803071,0.608652137030476,3.0,5.0
42,14,0,2259.9038712353486,2104.084454715615,0.9468136236298765,0.46834799574306146,5.0,0.0
43,8,21,2161.618814730499,2049.571892566742,0.8481643624282776,0.5709356367642764,8.0,6.0
44,6,5,2137.8427775364275,2152.506335249785,0.7314759019099031,0.682747088139715,8.0,10.0
45,2,4,2181.338604971747,2107.9888548480803,0.8386673417128507,0.5761066760573711,1.0,9.0
46,1,9,2114.5740639804817,2082.1527500336656,0.7743228380031946,0.6413406143517058,11.0,3.0
47,28,3,2118.424912248879,2049.642539014106,0.8073352849897824,0.607985371477006,5.0,7.0
48,29,17,2156.480325948289,2138.9339844977653,0.7571699193971445,0.6586619116967939,15.0,5.0
49,27,12,2060.606049146781,2184.9198003519186,0.5841343176025074,0.8301061797888966,8.0,4.0
50,24,22,2104.8968647457855,2158.7171862174805,0.6898877076766828,0.7250563580988181,4.0,5.0
51,18,11,2201.8540147197377,2074.8378879145466,0.8892277509106525,0.5266360749596158,0.0,5.0
52,13,10,2059.648133744092,2022.247942940236,0.8233473465238298,0.5908724337853115,3.0,1.0
53,24,22,2107.9699052850638,2155.6530617697936,0.6651738089500076,0.7543041787422964,2.0,6.0
54,14,0,2258.9699588554627,2105.0180894073565,0.9856899382026686,0.4290334848955781,7.0,6.0
55,1,9,2119.575847796758,2077.152895422418,0.7749558337403403,0.6427243968665662,3.0,10.0
56,23,19,2071.1529980222203,2181.6919954794976,0.6090166941590612,0.8052288391715341,12.0,3.0
57,16,7,2183.9579490470974,2135.3009042537738,0.8040709382586417,0.611347663335828,7.0,3.0
58,8,21,2168.0183451936346,2043.1698220748606,0.8824667158119043,0.5344964544185715,0.0,8.0
59,6,5,2134.7815995686547,2155.568609356682,0.7297273494787564,0.6846574110073722,9.0,5.0
60,2,4,2186.414571485181,2102.912930050815,0.8398553322914457,0.5761995797633392,2.0,8.0
61,26,20,2201.2133744750936,2122.316484952945,0.8045920815683998,0.6165241284805976,4.0,3.0
62,25,15,2143.5785795239153,2130.2063721952873,0.7443385341419259,0.6727332046087552,0.0,3.0
63,27,12,2056.044538201001,2189.4799959731895,0.5419915845202364,0.8739066958920271,6.0,1.0
64,13,10,2061.605244985546,2020.2932464773428,0.7906967808348553,0.6260985201381901,3.0,4.0
65,28,3,2116.1841334699106,2051.884510010811,0.8017396455635406,0.6134825052793615,5.0,2.0
66,29,17,2154.382306424625,2141.031486892704,0.7527953455541396,0.6628342055524631,5.0,3.0
67,19,23,2186.1498211146795,2066.693708939034,0.909980109957071,0.5043024359711933,1.0,5.0
68,29,17,2152.7116423063003,2142.701924336798,0.72808232065554,0.6900351407241823,4.0,3.0
69,18,11,2198.922042259426,2077.770733108139,0.8927809895499238,0.5220853540900543,11.0,4.0
70,22,24,2154.1792428467174,2109.447789238939,0.8250016782287769,0.5916458705464654,6.0,5.0
71,1,9,2116.14747346754,2080.5806015584844,0.7869395941743174,0.6282191638008233,11.0,5.0
72,19,23,2184.7639442197724,2068.0801004725436,0.9275977037935808,0.48697530059880845,3.0,1.0
73,14,0,2257.1220555132563,2106.865720819711,0.953894898033259,0.46045176196939996,9.0,5.0
74,15,25,2135.438446408743,2138.343792398729,0.7471295522449829,0.6671425506861093,1.0,9.0
75,16,7,2188.4060703364353,2130.854715894617,0.8462947523172195,0.5679189524352176,2.0,7.0
76,27,12,2053.856436012116,2191.667475370411,0.5414924153377465,0.8738120881082858,5.0,4.0
77,13,10,2060.2112439256125,2021.68650805825,0.801783523169524,0.6134359079447268,3.0,2.0
78,6,5,2140.0559654093813,2150.291764733608,0.6735856953008021,0.7471126495500503,0.0,10.0
79,24,22,2107.5899885981894,2156.0356434945647,0.6779414935035109,0.7393351538322411,5.0,4.0
80,8,21,2166.9555992514292,2044.2327417610998,0.912628487642918,0.5016965299786346,4.0,3.0
81,2,4,2185.13423379614,2104.1932254935114,0.8416735965732061,0.5738315797872763,8.0,7.0
82,18,11,2201.2055259573403,2075.4858819075143,0.8950510758291914,0.5201644314435003,3.0,4.0
83,26,20,2199.609913574245,2123.919580807842,0.8795186465089676,0.5349744732107777,6.0,4.0
84,1,9,2113.586849395836,2083.140449167992,0.8165646112787621,0.5978827887962493,4.0,0.0
85,28,3,2113.4449593952077,2054.6276053918928,0.8480026293867655,0.5674494486760139,10.0,5.0
86,25,15,2141.506476614866,2132.277354736963,0.787680879398939,0.626591690179464,0.0,3.0
87,14,19,2254.63750177307,2187.2532421880246,0.8539031166708425,0.5616920525182472,5.0,1.0
88,25,15,2139.356303928617,2134.427003632149,0.7321888652999251,0.6847451749628922,4.0,2.0
89,27,12,2057.81956303147,2187.70494909918,0.6232609033166948,0.7935302229547295,4.0,12.0
90,13,10,2058.819314244558,2023.0776134413018,0.8031579231697195,0.611667596477776,8.0,7.0
91,4,3,2111.836355988311,2046.9765245000306,0.8388666865225273,0.57572114934356,1.0,13.0
92,2,11,2188.2319672435824,2072.3883675474253,0.9081134431449581,0.5062622252234725,2.0,4.0
93,28,18,2110.4581983506155,2204.189760655544,0.653539216778418,0.7611028183678894,4.0,1.0
94,8,6,2165.428433728832,2141.5830966330504,0.7566254822135796,0.6592964155458786,5.0,4.0
95,29,17,2154.6786040532847,2140.735898317455,0.7739368828443753,0.640461585806926,2.0,3.0
96,24,9,2109.718148392537,2081.01644956896,0.8127608585782046,0.6019760870062435,4.0,5.0
97,21,5,2038.6309229302185,2155.8933461342713,0.5705106923543843,0.8442032764241935,7.0,0.0
98,24,9,2106.5753140401416,2084.156711189436,0.7891310513014799,0.6267120740263266,7.0,2.0
99,14,19,2257.466971254818,2184.4192736241203,0.8082319662437152,0.606828644304958,4.0,6.0
100,13,25,2052.9574553445696,2145.2187332218477,0.6310380289775362,0.783342182759512,12.0,3.0
101,16,10,2187.5496129846983,2023.9340170671885,0.9825692936713625,0.43169379403226293,7.0,6.0
102,4,3,2108.011676405446,2050.8066890763484,0.8200518723688398,0.5943002572592173,9.0,1.0
103,17,26,2143.1839594245284,2197.1600956370257,0.6363333844294554,0.779425574134004,5.0,8.0
104,2,11,2185.8919256905497,2074.7282462882486,0.9070214707671148,0.5072212060273014,9.0,4.0
105,21,5,2036.2939399322427,2158.230331796692,0.5294691685879976,0.8893368748567515,2.0,1.0
106,23,12,2065.778162983634,2190.006297776735,0.5391498644415922,0.8843972523466005,3.0,2.0
107,7,15,2127.487463438154,2137.7979298961272,0.7557962654419796,0.6598060066543342,6.0,1.0
108,28,18,2102.388292950621,2212.2564556366515,0.5770878461545101,0.8389133494356167,14.0,1.0
109,8,6,2163.9176371920807,2143.0938687772496,0.7633209530273652,0.6516334847010025,3.0,2.0
110,1,27,2111.006837523005,2060.399736954126,0.8090559080852696,0.6055535735704919,7.0,3.0
111,29,20,2160.65981998155,2117.9398163479423,0.7799396209341334,0.6369185407973559,3.0,12.0
112,22,0,2159.664565358313,2103.2372296331064,0.8571510026580045,0.5575416476729053,2.0,5.0
113,24,9,2104.0763155192653,2086.6545942972057,0.7652131367806205,0.6527478040564211,5.0,2.0
114,14,19,2254.4795498147364,2187.4104340518484,0.8221762246817951,0.5920375482016328,7.0,2.0
115,23,12,2068.676246188267,2187.116335697393,0.5804300439579293,0.836564652124162,1.0,6.0
116,22,0,2162.5686971448654,2100.333834218253,0.828188547752042,0.5866360166717483,2.0,4.0
117,1,27,2107.423043931713,2063.9840209759077,0.8134055890529522,0.6008084281067986,7.0,0.0
118,13,25,2056.158316136904,2142.0175854918157,0.6520516370705385,0.762821861123355,0.0,5.0
119,16,10,2186.60564326435,2024.8779689742305,0.9496580042338705,0.4655814525141104,5.0,4.0
120,4,3,2105.06526263958,2053.7572613278135,0.8057034830628985,0.608546979227429,8.0,3.0
121,17,26,2140.048247889794,2200.2968694682627,0.6319408069318683,0.7833248220843432,5.0,2.0
122,2,11,2182.0132962771454,2078.6068014820107,0.8738398435241884,0.5414557977911444,11.0,1.0
123,21,5,2034.1400584474504,2160.384304221964,0.5887076938388688,0.825782021056003,3.0,2.0
124,7,15,2129.3078140650523,2135.9764105393297,0.7487363999104409,0.6659784024780596,2.0,3.0
125,28,18,2106.6437897317473,2208.0082856756917,0.5456353302846167,0.8804088987755747,1.0,12.0
126,8,6,2161.832991838033,2145.1785098394125,0.7293525492227186,0.6886971760589763,5.0,3.0
127,29,20,2159.1824335886567,2119.416978695913,0.7924187874053497,0.6227099043480733,8.0,7.0
128,29,20,2156.1222541763477,2122.477178324088,0.7338647415682795,0.689180555112706,5.0,1.0
129,24,9,2108.2111789034907,2082.5320996703963,0.7627091394868173,0.6584179015919787,2.0,7.0
130,23,12,2064.261084854845,2191.5249809887623,0.598082979504401,0.8162860161416599,6.0,1.0
131,13,25,2052.955350227556,2145.220825485574,0.5904254880476965,0.8251444375503768,4.0,1.0
132,17,26,2141.8741930509323,2198.4709072829055,0.7531155505520155,0.6712226991589095,1.0,2.0
133,2,11,2180.853146305901,2079.7669427923365,0.8826687225350749,0.5318548912188761,5.0,4.0
134,21,5,2037.0993206509147,2157.424951789938,0.5963301114494366,0.8181006168088771,0.0,5.0
135,7,15,2126.5881545742886,2138.6980925214925,0.7129806897414921,0.7013217865217358,6.0,3.0
136,28,18,2102.0774449699948,2212.570412883258,0.6374024264676812,0.7776914321191845,11.0,5.0
137,8,6,2159.318102941524,2147.6934226392627,0.7414064862021464,0.6741728775909495,7.0,4.0
138,29,20,2153.100566902456,2125.498730727281,0.7413839130489742,0.678102834561257,5.0,1.0
139,0,27,2098.103150110913,2066.2168938280647,0.8229282504956486,0.5930448537873022,8.0,5.0
140,5,16,2160.8908885702645,2183.14078097103,0.7490669103711668,0.6655160785667428,0.0,4.0
141,11,29,2086.6185296021913,2146.24975623299,0.6728179866163405,0.7413971655119719,0.0,15.0
142,23,22,2066.5574529241003,2160.279184045979,0.5989424205357312,0.8204000980114793,4.0,7.0
143,0,27,2102.3739412259115,2061.9433075886745,0.7980379848803947,0.6161907564026226,2.0,7.0
144,21,25,2038.4696005360086,2143.8496412172653,0.5781956777812334,0.8364167233673934,1.0,2.0
145,19,24,2195.815873247775,2099.8028331547575,0.8923510359213066,0.5219623432936122,2.0,14.0
146,9,14,2078.910181557143,2258.1015718869403,0.4756051030004389,0.9399099811984082,6.0,3.0
147,20,28,2128.5622647531836,2099.0120328660914,0.7635314208891765,0.6516175745615176,3.0,6.0
148,15,13,2136.8756491244894,2054.7780549524,0.8220647752024208,0.594665351757747,5.0,3.0
149,12,1,2190.307220187819,2108.6412343277484,0.8725792964208277,0.5417504456266496,3.0,2.0
150,17,2,2146.47610990876,2176.2494804583384,0.7252794124812786,0.6896374083431963,0.0,7.0
151,11,29,2084.6052548214916,2148.2628333396906,0.631553549071212,0.7846333191690937,2.0,1.0
152,10,8,2026.8575040296794,2157.3382255697784,0.5648346592548125,0.8493904595237962,4.0,7.0
153,7,6,2123.3107944228477,2150.973071832593,0.6956908360640738,0.7185521584405051,7.0,3.0
154,4,18,2099.382182323661,2218.251523234343,0.60203383487726,0.8123381257649483,10.0,2.0
155,3,26,2051.600466286132,2200.625433563015,0.5525640624226302,0.8621604200923232,2.0,1.0
156,23,22,2063.3834281618933,2163.4489457378945,0.6321059651807879,0.7823632754721171,4.0,1.0
157,0,27,2100.8257144199606,2063.492024108724,0.762429779830244,0.6535196842648211,4.0,3.0
158,5,16,2165.4715655582045,2178.5631079206332,0.7152157520651203,0.7006470702591238,1.0,8.0
159,9,14,2080.8569531745643,2256.154697283709,0.45896336619857353,0.9600365994098412,1.0,6.0
160,3,26,2053.0698306680642,2199.1606311954715,0.5119788472066655,0.9094988087519164,1.0,3.0
161,4,18,2103.2440039113185,2214.390907934191,0.5993488375797605,0.8148960783448255,0.0,8.0
162,15,13,2134.2083849678056,2057.4467537213227,0.8653819165689004,0.5490191447080237,5.0,0.0
163,12,1,2189.0096957194733,2109.9390728442586,0.8435245017467592,0.5710854540646381,3.0,2.0
164,17,2,2142.5003027143202,2180.226536221172,0.6572593093660846,0.7585771896946659,7.0,2.0
165,7,6,2127.054287794324,2147.227155066688,0.7228571382878141,0.69150975328796,0.0,5.0
166,21,25,2039.8433553078119,2142.4749964047596,0.5788374498707146,0.8359961130287785,4.0,5.0
167,11,29,2080.9249523758044,2151.942768597903,0.6363242820366096,0.7784531177263531,7.0,3.0
168,10,8,2023.639030191693,2160.5575337854525,0.5944573254764322,0.8216726989745631,5.0,2.0
169,20,28,2126.3948511977683,2101.1796942663223,0.7269760888749998,0.6919349725482196,3.0,1.0
170,19,24,2192.8265110711045,2102.792807562295,0.8544348702872596,0.5604432972540687,6.0,0.0
171,23,22,2066.4686045737267,2160.3724503442745,0.6080518050563356,0.8098199710335127,1.0,6.0
172,19,24,2189.933724864027,2105.6867673168585,0.8711756070470531,0.543073487567179,6.0,0.0
173,0,27,2098.134489057594,2066.1853852805802,0.8044115626345412,0.6102024433213139,6.0,2.0
174,5,16,2163.8445672954813,2180.1892960487594,0.7406117087700022,0.673611710900249,1.0,0.0
175,15,13,2131.6401338392257,2060.015845452177,0.8248022269468227,0.5901033253259468,9.0,5.0
176,12,1,2192.5074748461666,2106.440025584635,0.8492701290284611,0.5656599113000946,3.0,6.0
177,11,29,2074.3237894876165,2158.543726622972,0.6510262609901781,0.7635970289424358,14.0,3.0
178,9,14,2084.1337315876485,2252.878137517848,0.5098629803373829,0.9045249688882979,6.0,15.0
179,25,21,2139.8709916205976,2042.4469349535846,0.8646765170444679,0.5515556429812443,7.0,2.0
180,3,26,2054.245394774732,2197.988232955234,0.5313389940178425,0.8868749283638039,1.0,2.0
181,20,28,2124.861217904701,2102.7139337632907,0.7670476683782581,0.6473220673458708,8.0,7.0
182,4,18,2104.6096712369927,2213.025786514008,0.5983387601543962,0.8160260491804071,5.0,6.0
183,17,2,2148.6001651379534,2174.122094676184,0.6577295169023691,0.7610777074809161,2.0,15.0
184,10,8,2024.878924214872,2159.3173535310534,0.5582475049869549,0.8559766979026776,0.0,1.0
185,7,6,2122.9642186914,2151.320478556415,0.7044647511971123,0.7097940144774809,7.0,1.0
186,11,29,2077.8965954876585,2154.9708717568697,0.694256894419601,0.7232126101666153,0.0,5.0
187,28,20,2107.3442666670144,2120.233936212182,0.72927009665427,0.6855608305352542,0.0,7.0
188,21,25,2043.8945952441184,2138.4226229122064,0.6034919753338748,0.8108157634498161,5.0,6.0
189,9,14,2086.766973664009,2250.2452188724114,0.5275401665839564,0.8866748505445565,3.0,9.0
190,26,3,2195.95329506254,2056.283032429354,0.916476251503682,0.4977518710837399,10.0,6.0
191,12,27,2191.4354892428555,2067.2579059942814,0.9182482418569565,0.49596699464626054,2.0,1.0
192,10,8,2027.980330790902,2156.2151840295714,0.5403192226241025,0.8754321906912917,3.0,10.0
193,21,25,2039.9989465354608,2142.320082128302,0.6002157059628291,0.81400020752137,5.0,1.0
194,20,17,2123.716675489278,2145.117807150398,0.7549115146378139,0.6602258262148859,6.0,10.0
195,18,28,2211.185840992347,2109.185614670822,0.8862136850197784,0.528015749237405,10.0,7.0
196,3,26,2057.925824354397,2194.314428392753,0.556791915128225,0.859434384102776,1.0,3.0
197,23,24,2068.643463286749,2103.5117346851016,0.6688903939900209,0.7472542773605897,4.0,6.0
198,0,1,2095.078478807914,2109.4978352902945,0.741228399799959,0.6733786374332332,7.0,3.0
199,6,16,2149.4995376535903,2182.01006600758,0.6574528730234828,0.7620033849168499,4.0,3.0
200,11,4,2080.184471300184,2102.3219777265786,0.6930517488493149,0.7227655354176745,3.0,5.0
201,23,24,2072.748796929241,2099.406487035703,0.7034528740613814,0.7110913091379687,3.0,9.0
202,0,1,2098.133166226468,2106.4421803965406,0.7688025797370749,0.6470669111437578,6.0,9.0
203,5,8,2162.219811739113,2157.8396447265545,0.7378838018347939,0.6777064850575075,3.0,2.0
204,15,25,2127.6995928421065,2146.2637493297434,0.7341914840608675,0.6805568012623295,6.0,0.0
205,12,27,2193.8768894857617,2064.8154079985484,0.9301029069270399,0.48416042646154483,0.0,1.0
206,6,16,2152.850381555763,2178.6601174128177,0.7393054891495402,0.6751462236484058,1.0,5.0
207,3,2,2053.903675688251,2178.1417087113764,0.5587672106980199,0.8594604719684402,5.0,1.0
208,10,13,2031.0290655594895,2056.9645134657417,0.692508660112946,0.7218996311296109,0.0,4.0
209,18,28,2207.5054223789534,2112.872218854959,0.9257738326149589,0.49301033567912467,13.0,2.0
210,20,17,2125.372617057002,2143.4624499334404,0.6801074070701927,0.7387357624542127,4.0,5.0
211,11,4,2076.8033875786464,2105.7029159842336,0.6864306259957476,0.7290126049932378,8.0,4.0
212,7,21,2121.733444542467,2041.2311638704855,0.8642652578011671,0.5502587128148995,1.0,0.0
213,15,25,2130.162015624657,2143.800124762381,0.7458339802309022,0.6691390566318144,2.0,4.0
214,22,14,2162.373580630293,2248.2442804372668,0.6160770567823947,0.7986805397086989,5.0,7.0
215,9,19,2088.4585222567703,2188.2412242155538,0.6245022451607157,0.791653348950055,1.0,3.0
216,26,29,2197.045122967052,2152.2399285396546,0.8087754719309935,0.6055720155147241,2.0,4.0
217,0,1,2099.935129163432,2104.6392728871147,0.7287888681854495,0.6856041918451716,8.0,9.0
218,22,14,2164.402165420221,2246.2160204243005,0.6224683560049112,0.7923145964936096,1.0,3.0
219,9,19,2085.980477047637,2190.7223134305045,0.5772087127606466,0.837008202646911,3.0,1.0
220,5,8,2160.7430677174584,2159.3158107850186,0.7945647767132729,0.6209977830211549,6.0,5.0
221,12,27,2192.181492999682,2066.511687093101,0.9243655753799995,0.48988742042776884,4.0,1.0
222,6,16,2149.664814389192,2181.8448192846226,0.7046308767699325,0.7097662507873359,6.0,2.0
223,15,25,2122.3058912748556,2151.6591478081195,0.6584746595596135,0.7580995587588596,18.0,3.0
224,3,2,2056.347662552021,2175.7042403489713,0.5706408402196005,0.8470268021696419,1.0,5.0
225,10,13,2026.9660543235564,2061.0307810591576,0.6962049019776263,0.7180517674103584,6.0,0.0
226,20,17,2122.575148683086,2146.259523121364,0.6979362773280885,0.7174478094538426,4.0,1.0
227,18,28,2202.193871428405,2118.1869364922077,0.832839818282815,0.5820511583215251,20.0,6.0
228,26,29,2193.875254943075,2155.4099450561457,0.7837968993877149,0.6313269226952555,6.0,1.0
229,11,4,2079.1736444495496,2103.3328391158147,0.7160017184526982,0.6982849354836087,0.0,2.0
230,7,21,2119.4730523078983,2043.492434866711,0.8029685667400753,0.6136857976665836,4.0,1.0
231,22,14,2159.9625877417,2250.655217631202,0.601479051918384,0.8138105889716414,7.0,2.0
232,15,25,2124.1686802192144,2149.795595445632,0.7415769645657759,0.6745627619418285,2.0,3.0
233,23,19,2076.7664900685586,2186.7075318793763,0.5699128128970185,0.8466146338329475,0.0,9.0
234,6,16,2147.332670634514,2184.176594813516,0.6723429814282644,0.7438493322771055,3.0,1.0
235,3,2,2047.7969629389465,2184.2497678360073,0.5396372847409984,0.8790507250798436,14.0,1.0
236,7,21,2116.6000329388767,2046.3679606277517,0.8254618205962937,0.5888620391344789,9.0,4.0
237,23,19,2074.6857549986744,2188.78720786509,0.608883607368926,0.8054085453699908,6.0,5.0
238,15,25,2122.335949436001,2151.6294761124245,0.6867277844906504,0.7276638448934316,2.0,1.0
239,11,20,2075.7868257048935,2125.961154773054,0.6891927190155698,0.7250227129606046,6.0,2.0
240,7,21,2114.8891571376753,2048.0810916787036,0.8444535207765314,0.5701277772030909,3.0,1.0
241,14,12,2246.6767031926806,2196.160063984593,0.7731073430652258,0.6453560816998828,8.0,1.0
242,22,24,2158.045631269255,2101.3275201353963,0.8181407999619208,0.5965213652452523,3.0,1.0
243,22,24,2154.83976696543,2104.543968355161,0.8449519266243676,0.5735947287744504,6.0,0.0
244,1,23,2108.2397241595204,2071.0803403195646,0.7849480000121964,0.6293382533991375,3.0,7.0
245,11,20,2070.930469469895,2130.8168012613683,0.6642426691541563,0.7500636309463962,8.0,1.0
246,9,0,2087.9642358981964,2097.9524461952537,0.6942478047622104,0.7245585873106984,3.0,5.0
247,28,17,2115.168387395129,2149.275106273446,0.738090285212773,0.6763947386064467,7.0,3.0
248,27,19,2063.371172946473,2191.9319395325692,0.602683875505373,0.8148819536353026,6.0,3.0
249,25,7,2156.0338624595593,2110.495120837035,0.8135244481473674,0.6033188640231607,5.0,10.0
250,16,8,2182.409962090198,2161.0829953616903,0.8082758913473029,0.6069809465148787,7.0,5.0
251,15,5,2128.7154383848665,2154.3626369447297,0.7129483687256911,0.7012947233523951,0.0,12.0
252,6,10,2145.4254887785405,2028.8732167449023,0.8673057928464252,0.5514153774544183,5.0,2.0
253,13,21,2055.7398825669643,2053.3704229941554,0.7615287947769742,0.6526985334317544,11.0,0.0
254,26,4,2197.6459125116917,2099.5622373109322,0.8958055205788352,0.5184144966006611,3.0,6.0
255,11,20,2069.0765846312393,2132.670461191082,0.6892660448186141,0.725688981491047,2.0,1.0
256,18,3,2200.833066442138,2049.1600210049455,0.9191564891741186,0.4951216467193862,3.0,1.0
257,29,2,2159.050930253831,2180.608911212327,0.7824203105971189,0.6358762850048391,4.0,8.0
258,25,7,2152.7743212571763,2113.7516385570407,0.8163673649755374,0.5991095498226184,7.0,1.0
259,9,0,2090.673514170923,2095.244367855011,0.7452614353939944,0.6691848734960603,2.0,5.0
260,1,23,2112.0949477399354,2067.2221779618926,0.8347193945528217,0.5823141462553352,3.0,7.0
261,16,8,2179.6737686103124,2163.819989056215,0.7760260264030557,0.6382110538178113,8.0,4.0
262,14,12,2249.58763656322,2193.24901873314,0.8293216575253386,0.5849421105244249,5.0,7.0
263,27,19,2067.0466960508497,2188.252198909259,0.5481522791380196,0.8664749040008226,1.0,10.0
264,13,21,2053.2310647321733,2055.8787926343184,0.7369850198803012,0.6777939750625932,7.0,4.0
265,15,5,2130.98250486447,2152.0954308763708,0.690624200800915,0.7253887927446915,2.0,4.0
266,6,10,2140.613457104693,2033.684912732327,0.8717915575566921,0.5443879222210755,14.0,0.0
267,26,4,2196.405123625603,2100.802993058213,0.8692511159075708,0.5456282040582766,5.0,4.0
268,28,17,2113.4162788792905,2151.026451650149,0.6817677752277826,0.7344861057500693,3.0,2.0
269,11,20,2073.056520307188,2128.6908981159454,0.688579420233655,0.7257661693738555,6.0,12.0
270,29,2,2160.8369659679192,2178.8231391960953,0.7150243720285488,0.6996652638019789,1.0,2.0
271,27,19,2063.742197060188,2191.5597781026972,0.5602362056656349,0.8540326412815059,5.0,2.0
272,18,3,2199.7970573027405,2050.1980317630323,0.9225387072026981,0.4916748586203557,2.0,1.0
273,1,23,2110.671799622409,2068.6477579196753,0.7971775862734126,0.6172501746098218,4.0,3.0
274,9,0,2087.8737666317065,2098.0430613007334,0.7457611151019835,0.6684659086865099,8.0,4.0
275,11,20,2070.579907088712,2131.1672206523876,0.6715607383523535,0.7426538387924684,5.0,3.0
276,25,7,2155.4906573807652,2111.042079353725,0.810336319656019,0.6068482818384136,1.0,3.0
277,16,8,2177.7184184645307,2165.7758623652903,0.7529399957226581,0.6615090596068809,3.0,1.0
278,15,5,2129.3518475577353,2153.726173428777,0.7587282343134473,0.6575472513905858,1.0,0.0
279,6,10,2139.5763026758996,2034.7218371117306,0.925417091737808,0.48949641007947814,4.0,3.0
280,27,19,2066.0101440354415,2189.2897464162015,0.5591253908815355,0.8550948459733244,6.0,10.0
281,13,21,2051.5972383291823,2057.5124051362495,0.7217296921783583,0.6938007862405278,4.0,3.0
282,18,3,2196.641829650261,2053.3613764873903,0.9271857732061911,0.4873520393728663,10.0,1.0
283,26,4,2192.4074463032307,2104.800653568411,0.8663955236820017,0.5480252432967491,11.0,1.0
284,28,17,2120.6293457569614,2143.8291322400178,0.6550116358896313,0.7730068021697684,1.0,18.0
285,29,2,2159.0206235736846,2180.6393745822998,0.6819682188257559,0.7354043431248187,8.0,7.0
286,11,20,2075.928474889266,2125.8202415672404,0.642931224142588,0.7746547427873909,0.0,11.0
287,18,3,2194.4048334048202,2055.6091236486222,0.965236573939445,0.4545562509956942,6.0,0.0
288,1,14,2107.132973759724,2253.1256314470456,0.5346541897838297,0.8801813979584128,5.0,2.0
289,22,24,2151.7353523062493,2107.656703334114,0.8085673001272196,0.6069311812442459,6.0,1.0
290,5,7,2151.2236973541385,2113.544668340692,0.7554346306466505,0.6677244930319038,8.0,5.0
291,26,4,2194.6220759897637,2102.586040423571,0.8444627102506445,0.5723258530705344,3.0,4.0
292,11,20,2074.099520732425,2127.6486876528793,0.6952585580644302,0.719143317119572,7.0,6.0
293,8,13,2173.4494755164587,2043.9199538703942,0.9132348837465717,0.5013067954535286,1.0,11.0
294,29,2,2160.7689832088827,2178.8913816514355,0.7013343759591676,0.7144243738358389,6.0,7.0
295,25,10,2159.381777000832,2030.8361877905922,0.9179951751240325,0.49820228591532373,3.0,6.0
296,27,0,2068.900853588652,2095.156600713948,0.6661391344300218,0.7556207279247387,2.0,6.0
297,19,12,2187.1547996109816,2195.382491025238,0.7373477906671131,0.6788488896026081,3.0,1.0
298,25,10,2156.183726235311,2034.0307199011677,0.9460720405082333,0.4681502681974619,12.0,2.0
299,24,23,2103.25809220603,2073.046341839269,0.800627404661066,0.6135921308195765,10.0,1.0
300,1,14,2108.5266125044855,2251.7329361553648,0.49789416016834726,0.9231210521638221,4.0,6.0
301,19,12,2185.557139528342,2196.9786861334587,0.745622280920238,0.6693789114908147,3.0,2.0
302,5,7,2154.657904104721,2110.1143603319097,0.8381318190299664,0.5761006415302823,0.0,3.0
303,22,9,2149.9325840196084,2089.6770360819614,0.8433189109908914,0.5709869113369174,5.0,3.0
304,27,0,2065.745337484067,2098.3106898650435,0.6891915835370732,0.7269727563540268,7.0,3.0
305,17,3,2142.587254877201,2056.8552725554396,0.8717871988205822,0.5445377880012299,7.0,6.0
306,2,11,2172.375550621769,2080.6157491129507,0.8463163584945987,0.56971419957566,29.0,9.0
307,21,6,2061.5789901416974,2135.5114522991967,0.650458857621078,0.7638536790667012,1.0,8.0
308,28,18,2123.9500870273328,2191.0897568572736,0.6567734106861307,0.7587714360324923,2.0,7.0
309,8,13,2177.168037238409,2040.1999868393875,0.9063548406798384,0.5095701906587321,0.0,3.0
310,10,15,2041.236582372619,2122.1445489103826,0.6252510496917164,0.7892139945384475,0.0,19.0
311,24,23,2101.720369396615,2074.584120441878,0.782741278002999,0.6316469219201359,6.0,5.0
312,1,14,2109.6433580305493,2250.6169649952826,0.5132675993319807,0.9052650347295303,9.0,10.0
313,19,12,2187.520839063547,2195.0172933531403,0.7864886599013724,0.6279073501581806,4.0,5.0
314,22,9,2146.095548081032,2093.516351521123,0.8691043658588031,0.5482601867410927,14.0,5.0
315,5,7,2152.3773389631306,2112.393552774885,0.803584194437903,0.6120998348042531,3.0,0.0
316,27,0,2061.9733215598994,2102.079168174313,0.7353714749026652,0.6795618209665375,7.0,1.0
317,20,4,2130.739200311624,2099.4951773528514,0.768242498233803,0.6474175913445239,2.0,5.0
318,17,3,2149.1641597032904,2050.264272470167,0.8482636247671337,0.566005186797317,2.0,11.0
319,10,15,2037.1228597254596,2126.258737513609,0.6194524368663394,0.7948069459344119,8.0,3.0
320,2,11,2178.560157617603,2074.4303526767194,0.8525904573151152,0.5652740422584793,0.0,8.0
321,21,6,2059.673911777077,2137.4156326184766,0.6667540872082846,0.7477462202900652,5.0,4.0
322,28,18,2122.136180550842,2192.9018693595667,0.6633651859954843,0.7512947930943771,2.0,1.0
323,25,16,2153.8795209915943,2180.021608338165,0.6936478208228167,0.7242788129782859,6.0,4.0
324,12,19,2197.5445716166346,2184.9912757178245,0.7743043233507549,0.641128206986249,2.0,4.0
325,8,13,2180.2099524117307,2037.1572494560614,0.9092077031260817,0.5074849219540515,6.0,8.0
326,29,26,2158.351142741488,2197.039753130585,0.6750987490249272,0.7401895279376373,5.0,3.0
327,20,4,2129.2130728197967,2101.0213544789635,0.7674162909673459,0.6479009356604416,6.0,5.0
328,25,16,2157.1497784337566,2176.7574376594066,0.7082069732359482,0.7092491248821553,3.0,7.0
329,22,9,2144.623813287818,2094.9887227413165,0.81920338580889,0.5950162884035993,1.0,0.0
330,19,12,2181.097993954236,2201.434421186439,0.7304136542950757,0.6846847150766213,6.0,0.0
331,24,1,2099.3594115403816,2112.0043595579114,0.691628250487882,0.7320346716615064,4.0,2.0
332,28,18,2118.2967011760497,2196.7364903094935,0.6737720865870086,0.7404856179065938,12.0,7.0
333,8,13,2178.462500780664,2038.9047291882605,0.8983007168790476,0.519258169211756,5.0,2.0
334,29,26,2154.554397678596,2200.836309453751,0.6911959631733327,0.7230213477787982,6.0,1.0
335,23,27,2071.779735413294,2064.774428192402,0.7859944436177557,0.6282962152555427,8.0,4.0
336,5,25,2149.4098343292562,2160.120629897372,0.7602160412786998,0.6558714693409066,5.0,1.0
337,16,10,2174.914183345815,2038.9665415157353,0.9343285968564754,0.4798944411742144,6.0,2.0
338,17,20,2151.016579161513,2127.3598347546013,0.7406318002711362,0.6764065727026581,8.0,9.0
339,2,11,2180.868038267729,2072.1225418250024,0.8999798410279889,0.5143326030584021,4.0,5.0
340,14,9,2253.368965958658,2092.235923360175,0.9606873790884933,0.45363996142044094,6.0,7.0
341,5,25,2152.7350667275227,2156.79243733655,0.7203230795621003,0.694167869727571,3.0,7.0
342,23,27,2070.246557724592,2066.305880517729,0.780369403036902,0.63393734589243,4.0,3.0
343,19,22,2183.8088415630023,2141.9189128717235,0.808380115631871,0.6082889843023854,3.0,5.0
344,0,12,2098.2081560000956,2205.3065296673767,0.5979425228686074,0.8162735741036103,9.0,5.0
345,24,1,2097.1770877877902,2114.184546637522,0.7390284539584929,0.6759403051484356,4.0,2.0
346,16,10,2177.997290940543,2035.8826958971001,0.9414582919984097,0.4727862543147256,8.0,10.0
347,13,6,2042.0244447639363,2134.298562799963,0.5796067022453847,0.8394165629250279,2.0,8.0
348,21,7,2057.852681686005,2114.2127641107563,0.6896656680334409,0.7247331007697461,3.0,2.0
349,4,28,2103.2849289265487,2116.0319345302087,0.7394973058056615,0.6750466956397428,8.0,10.0
350,26,11,2199.7540865317974,2073.204708805732,0.920382721201808,0.49402427763249485,5.0,4.0
351,17,20,2145.234942269133,2133.1438302611514,0.7804379759268932,0.6341278829808913,14.0,1.0
352,2,29,2176.6634582354704,2158.7590613468014,0.7345760917803265,0.6827558569950224,10.0,3.0
353,3,18,2046.0297522948506,2200.9675280335687,0.5252108104919988,0.8937104533273893,5.0,1.0
354,8,15,2176.36681857365,2128.354090337254,0.8331791338247286,0.5811016252230123,4.0,1.0
355,12,0,2207.7195338344463,2095.7959381524693,0.9221926219207331,0.4920546879377163,6.0,7.0
356,24,1,2095.436728840618,2115.923798852045,0.715232309799392,0.7015302376444614,4.0,3.0
357,23,27,2068.183784472032,2068.366672077735,0.7657817228567116,0.6488093617551912,5.0,3.0
358,14,9,2257.672756346936,2087.9311675883737,0.9625976365869733,0.45220616920236684,2.0,5.0
359,25,5,2153.749412982239,2155.7768531781403,0.7361228851113166,0.6796020259941706,5.0,1.0
360,3,18,2040.877498630874,2206.119190017266,0.48665772325481316,0.9386873059776649,6.0,1.0
361,4,28,2101.558422283788,2117.759163652179,0.6910267233330422,0.7243099064157611,9.0,8.0
362,17,20,2142.3178573205623,2136.0623528077454,0.7647170659041702,0.6496326304378585,5.0,1.0
363,16,10,2177.043723542986,2036.836492901367,0.9506449622849981,0.4636611137511954,4.0,3.0
364,8,15,2174.8798768877955,2129.840992169072,0.7681364741642704,0.6505326984030922,4.0,3.0
365,2,29,2181.6853091398893,2153.7371029914916,0.8448961002865832,0.572727485593219,4.0,10.0
366,0,12,2093.800093072712,2209.7165427823397,0.629554938050301,0.7876502130028317,10.0,9.0
367,21,7,2060.984961095901,2111.0862530882546,0.6794320315448314,0.7363457559540448,2.0,6.0
368,13,6,2043.700739550426,2132.62412525682,0.5772792712105941,0.8434872095457789,3.0,5.0
369,26,11,2204.369562546551,2068.589852973455,0.9257809150430506,0.4890452833149171,3.0,7.0
370,5,25,2158.1431709499707,2151.3810148060943,0.7250227422642306,0.6902377829461148,2.0,4.0
371,19,22,2181.1378511920543,2144.588347247934,0.7999671744399333,0.6167735074107757,8.0,4.0
372,24,1,2097.3394075874708,2114.024457511351,0.7421974404313265,0.6726376108155571,5.0,6.0
373,19,22,2186.4304737743614,2139.3098888707677,0.8003830291649416,0.6191253092853517,0.0,7.0
374,14,9,2255.9002869523374,2089.7038399885246,0.9663797340684929,0.44800770442448723,10.0,6.0
375,3,18,2037.1820471269225,2209.810715792843,0.5106434696351864,0.9065161598803105,6.0,3.0
376,23,27,2065.576798566278,2070.9718141480444,0.7434988713174376,0.6720754573772606,6.0,3.0
377,0,12,2091.7254014493205,2211.7923991314024,0.600040896704549,0.8150205632591841,6.0,5.0
378,5,25,2155.522825418475,2154.0029759606027,0.7383102180616035,0.67593735655562,4.0,1.0
379,13,6,2045.9961466374473,2130.3305240914747,0.6269395980049376,0.7879375303890346,4.0,7.0
380,28,4,2119.6154812705886,2099.703961238758,0.7572391460305918,0.6596248179023786,2.0,3.0
381,7,21,2113.1361739147173,2058.9327848270855,0.8234800622476793,0.5911688147378018,3.0,4.0
382,2,29,2183.676089228903,2151.7463186571513,0.8030087153347619,0.6112071959899839,9.0,10.0
383,17,20,2144.851024595548,2133.52814258374,0.7699202992364172,0.6443592070805443,3.0,5.0
384,8,15,2179.6711546030615,2125.0507793313623,0.810707760419685,0.6046123709915684,1.0,7.0
385,26,11,2203.2115778852885,2069.747833575731,0.8921583222575881,0.5261072105619217,5.0,4.0
386,3,18,2038.3425539019308,2208.6537873095626,0.5280729597784003,0.8874293825540263,5.0,6.0
387,10,16,2038.0728230837683,2175.807726914728,0.5561512246971233,0.8581963843918491,2.0,3.0
388,4,28,2101.4248005556583,2117.8934698159946,0.7178758818055043,0.6963376844684784,7.0,8.0
389,2,29,2180.2150242922453,2155.2074401701734,0.7909302501978281,0.6232835535695832,7.0,1.0
390,21,7,2061.1211427863504,2110.9523700691443,0.6712552679452936,0.7455887430219863,2.0,4.0
391,16,10,2174.4831471676885,2039.397614515587,0.9164470731094203,0.4983481059760025,2.0,0.0
392,14,1,2254.0755072030997,2115.8501822197386,0.9628126790684319,0.452391826946463,5.0,1.0
393,13,6,2049.3141859937623,2127.014405679384,0.6684836488559396,0.7458618044163883,6.0,11.0
394,4,28,2104.664638297074,2114.6515467568,0.7273356498624441,0.6868798094906273,2.0,6.0
395,0,22,2089.183191448001,2141.8521603356085,0.6381454690018851,0.7786657581747246,2.0,0.0
396,17,18,2142.246262278703,2211.258522504669,0.6242106464142528,0.7916314693866435,9.0,7.0
397,20,29,2131.8182844674902,2156.9175568284013,0.7100651428555766,0.7041977481147494,6.0,5.0
398,12,27,2209.7191884840045,2073.0453453835676,0.903417924917396,0.5123910237104607,8.0,4.0
399,21,5,2057.2716759991263,2159.3716488666487,0.6071519965665632,0.8071054060948805,6.0,2.0
400,14,1,2252.9457975100295,2116.980207353691,0.9222866732815828,0.4921656530508909,3.0,2.0
401,0,22,2093.360044213002,2137.675311547772,0.6655111465534186,0.7498865918236273,4.0,11.0
402,16,6,2170.9533357496557,2130.545113944593,0.8168051299490116,0.5975298648189818,8.0,1.0
403,12,27,2208.66336633157,2074.1015221176576,0.9219729973122596,0.49240180510944886,2.0,1.0
404,13,8,2052.2027427142916,2176.783213036107,0.6025278496007913,0.8121408842684159,0.0,5.0
405,15,10,2122.953427205491,2041.4948532819296,0.8461190104619319,0.5690695644053705,8.0,5.0
406,4,2,2106.624175896624,2178.2554110373785,0.6583015039245789,0.7559615835549781,5.0,7.0
407,21,5,2060.643661845551,2156.000489495146,0.6029516483143287,0.8119252736704196,2.0,8.0
408,20,29,2128.969431107856,2159.7668527717883,0.6886259322054009,0.7260694402156611,3.0,0.0
409,18,26,2214.1238315485034,2200.3441142968154,0.7373181422661857,0.6779177508094554,2.0,5.0
410,11,28,2071.384053131216,2113.0139506113587,0.6566984300233446,0.7585542412507922,1.0,2.0
411,7,25,2109.1335569122552,2155.8260838594465,0.672041642808024,0.7429090167619848,4.0,3.0
412,3,17,2041.5599935647533,2139.037229977147,0.6404493599446449,0.7743304134300972,4.0,9.0
413,9,24,2087.2495564033143,2099.7989057193295,0.7279886457640792,0.6871089204703884,9.0,6.0
414,14,1,2251.2066875865976,2118.7199681472202,0.9268825871833193,0.48734149952526506,6.0,3.0
415,9,24,2096.0376243141504,2091.002468090875,0.7657459116743435,0.6502000495975471,5.0,23.0
416,16,6,2169.536582636483,2131.962221461029,0.7963132832297524,0.6179666984725318,3.0,2.0
417,12,27,2211.1330823535363,2071.6307734892866,0.936401901251806,0.4778258743428593,5.0,6.0
418,13,8,2056.114371612225,2172.8737161904437,0.5690087539588587,0.8464886041093921,1.0,10.0
419,15,10,2130.728888908507,2033.7211751758575,0.8698597930992904,0.5454283068271594,1.0,12.0
420,3,17,2037.9465967660647,2142.64476777071,0.6302366861618974,0.7844715445465589,9.0,5.0
421,4,2,2110.4152524142432,2174.4645242106953,0.6262872059934962,0.7903007517070876,3.0,10.0
422,21,5,2062.1784753124684,2154.4660302936004,0.6324943636078116,0.781737114895311,7.0,8.0
423,20,29,2124.8944761796884,2163.843124168268,0.7106184929772019,0.7040198484766775,6.0,0.0
424,18,26,2212.1894247074206,2202.279928862354,0.7784517948814673,0.6363936386862378,5.0,3.0
425,11,28,2069.5455363686415,2114.8538109609563,0.6928216851590535,0.7217379335196777,3.0,2.0
426,7,25,2116.282300290557,2148.6739211084155,0.7370252156857395,0.6830105357020196,2.0,16.0
427,9,22,2100.0065142790345,2133.7087822468343,0.7199685582013364,0.6942459045510183,0.0,6.0
428,16,6,2172.496804006923,2129.0009204962544,0.7690724926309239,0.6480875496317007,5.0,8.0
429,13,8,2054.0006283059233,2174.9868388528434,0.564675535878054,0.8506313825564397,2.0,1.0
430,15,21,2129.3718506286236,2063.5359568280137,0.8382194391337591,0.5760097072615507,6.0,5.0
431,4,2,2112.7491452028003,2172.131083583768,0.63409815153061,0.7825308237795694,3.0,6.0
432,20,29,2122.5826849682057,2166.15582764344,0.6992457298533011,0.7152368292105636,8.0,6.0
433,18,26,2214.7741977109326,2199.6943878620687,0.8118212099775034,0.6053768623987468,3.0,5.0
434,7,25,2118.501815996179,2146.4515316376114,0.7022201194066348,0.712858044612623,5.0,7.0
435,0,23,2095.244262734451,2063.68867738056,0.7567496821590113,0.6574710894267286,1.0,2.0
436,28,3,2116.997449508297,2035.8010962058313,0.8564014051259885,0.5578410062828025,3.0,4.0
437,17,11,2145.775387040269,2066.4143076872247,0.9144057877896746,0.5043454100448296,3.0,5.0
438,20,2,2124.744970930799,2169.968601662524,0.6784429300361383,0.7359528973698993,10.0,12.0
439,17,18,2148.384941860913,2212.1646417249035,0.6740211273368105,0.7403075469674743,2.0,5.0
440,1,24,2121.6914719100773,2088.026333017607,0.7614075272153389,0.6531196321718414,1.0,4.0
441,0,23,2097.2357936131593,2061.694501671683,0.7962187371870101,0.6193212438418061,1.0,2.0
442,9,22,2105.817542277326,2127.903566627394,0.7074150105761319,0.7084581357555993,2.0,13.0
443,28,3,2115.7570379213053,2037.0428204170535,0.8573549226758106,0.5569871797259625,6.0,5.0
444,27,14,2073.7162206876064,2249.123819810914,0.47467098141467373,0.9435611477311739,2.0,7.0
445,25,8,2142.7374187458336,2178.6991291346535,0.6973224495071328,0.7175158466826714,7.0,2.0
446,15,21,2133.6109974307474,2059.295687713858,0.8724763069523436,0.5422075108545853,1.0,5.0
447,6,13,2126.9035808439457,2056.099412166488,0.8336354620290325,0.5806337225958098,5.0,2.0
448,4,29,2109.40928048453,2169.4961649055444,0.6692780678365717,0.7449532656535072,9.0,5.0
449,11,26,2069.2030856145916,2196.9052355681683,0.5669530251588173,0.8472936825419273,7.0,12.0
450,10,16,2031.462556050474,2174.7551857836734,0.519875705059727,0.8964930892184255,3.0,2.0
451,7,5,2123.911765563215,2149.0525177331037,0.7340193645487211,0.6819863828682597,1.0,10.0
452,18,17,2210.788067854211,2149.76153425078,0.8063722980828616,0.6096627219241949,8.0,7.0
453,0,23,2091.459145892345,2067.4895445407797,0.7843131793063141,0.6320017081863673,16.0,3.0
454,9,22,2104.129508965228,2129.5907932970663,0.7032885860294421,0.7124714808280449,4.0,3.0
455,1,24,2124.805304952429,2084.908870788047,0.7938950264338045,0.6204041174467313,2.0,5.0
456,7,5,2122.120849698752,2150.845028455168,0.6758565922769421,0.7387264756423217,6.0,5.0
457,4,29,2107.083006750531,2171.822897995735,0.6611272352557794,0.7530994843947622,5.0,3.0
458,15,21,2132.2839646915095,2060.6231028333973,0.8476924045246272,0.5665320321188126,7.0,6.0
459,12,19,2208.6987417656205,2188.869007627085,0.7792973588345531,0.635736189415738,6.0,3.0
460,27,14,2075.6538911560697,2247.186554496376,0.5706874757019514,0.8460458597273197,4.0,7.0
461,28,3,2112.9895047229206,2039.8129553301233,0.8389993294653617,0.5752143133635991,5.0,0.0
462,11,26,2071.8635265288863,2194.2446617867454,0.6050005904729652,0.8100985495499784,0.0,4.0
463,12,19,2206.59368370167,2190.976917929844,0.7491658671008402,0.6650494339664051,4.0,2.0
464,10,16,2028.6809668105936,2177.5364392598703,0.542412269381778,0.8718403324589926,4.0,2.0
465,7,5,2124.752622851432,2148.2097068766966,0.6798240803886124,0.7350309831129994,0.0,3.0
466,6,13,2130.258258307139,2052.7418723799883,0.8364058412703403,0.5781075067465635,6.0,9.0
467,25,8,2144.5983660797465,2176.838918216499,0.7583216166216394,0.6575074667471377,1.0,2.0
468,20,2,2121.8261401453146,2172.887661037421,0.6761624674536283,0.7380738124489458,4.0,1.0
469,10,16,2023.3359515712743,2182.8812125768636,0.5187559445306754,0.8956978026699426,8.0,2.0
470,18,17,2209.494605600949,2151.0550591845117,0.8382161847943214,0.5759994671264725,2.0,1.0
471,1,24,2122.6169283567974,2087.1018485287927,0.8204619921021097,0.5961849274503187,7.0,4.0
472,0,23,2089.995160583257,2068.9596299207806,0.8043842778375317,0.6154044359558575,3.0,2.0
473,9,22,2108.059388031334,2125.6657531952364,0.7097289807880933,0.7068267589095139,4.0,10.0
474,25,8,2151.22456155668,2170.2180189765677,0.7367393308645036,0.6775942313794665,2.0,14.0
475,15,21,2128.4926108851782,2064.415646602696,0.8324479442836166,0.5818203674571601,9.0,1.0
476,27,14,2071.4624646285356,2251.3754797038255,0.5110163122576208,0.9032216523947701,6.0,2.0
477,4,29,2111.3094822331095,2167.595449525605,0.6386878818591967,0.777277787088247,2.0,10.0
478,17,18,2149.2134632837433,2211.336120674108,0.672779937440924,0.7414754573565081,4.0,3.0
479,11,26,2073.6424852490404,2192.4656084442363,0.5730908117649285,0.8413553399268933,0.0,2.0
480,7,5,2122.9021696984537,2150.0611995027602,0.6540531623112128,0.7627119420147684,6.0,5.0
481,6,13,2128.902847790766,2054.0977516958887,0.813520368012173,0.6023423705573097,6.0,5.0
482,20,2,2118.996486045562,2175.7178633337544,0.6994818334680032,0.7158746665427633,7.0,4.0
483,28,3,2111.740593405038,2041.063554428295,0.8564813029049926,0.558392759044119,5.0,4.0
484,18,17,2214.093327016801,2146.4562740572082,0.8466220913307633,0.5676294323624653,4.0,6.0
485,15,7,2133.197129328709,2118.203338954071,0.7853492100418435,0.6291702772640997,0.0,6.0
486,24,14,2088.74140442752,2249.7402983334055,0.5384218915096426,0.876962227172353,0.0,2.0
487,25,21,2154.1282896534703,2061.514044744799,0.854205839694917,0.562795489369455,0.0,2.0
488,22,23,2130.31654393486,2064.3030571980157,0.8469598278437216,0.5701356411276493,3.0,8.0
489,15,7,2137.28354589839,2114.124671402655,0.7587677176986222,0.6601321984919921,1.0,6.0
490,24,14,2091.7231828576755,2246.771561561886,0.5109043977011299,0.9109530559430707,0.0,7.0
491,25,21,2156.3513673986768,2059.292820677702,0.8611066193423762,0.5559375539061301,3.0,4.0
492,22,23,2128.090644164848,2066.5378565379365,0.8390247045586762,0.5780458532495957,10.0,7.0
493,1,9,2124.424221008027,2106.2522569530274,0.7417583947169201,0.6750866884588078,7.0,8.0
494,25,13,2155.158423206186,2055.2904652842403,0.8749063605684777,0.5405893584997488,6.0,5.0
495,27,19,2073.0280733373825,2189.409773394673,0.5648196313085891,0.8494378066972773,1.0,3.0
496,17,11,2145.263740935756,2074.836133184556,0.8886658674361302,0.5284293228433111,5.0,4.0
497,10,5,2021.2434118505153,2152.1547867941176,0.5761104058237113,0.8384395658474223,7.0,6.0
498,8,16,2167.6426765913657,2185.4556405932412,0.7317225882871484,0.6825509805219686,6.0,3.0
499,2,18,2174.0183085709627,2215.7921387931224,0.7077400104381001,0.7064856219940823,2.0,1.0
500,26,3,2191.3879004791424,2042.1426345216357,0.9222182020432139,0.49209346216553057,4.0,3.0
501,28,4,2107.0017668008472,2116.047326163225,0.711607691100653,0.7050248669203821,9.0,1.0
502,29,20,2169.6387187739033,2116.95454417995,0.7934646498243034,0.6240685826426907,2.0,3.0
503,2,18,2170.3074536939494,2219.5028430351813,0.6164200851623303,0.8077336531181,5.0,1.0
504,6,21,2125.451204447588,2062.746387373508,0.8309022713126051,0.5833135516991331,10.0,3.0
505,24,14,2088.659295661177,2249.8319591922705,0.5302600743770688,0.8861935940481691,10.0,8.0
506,11,17,2071.693959746032,2148.4045469298385,0.6414715497772798,0.7730589227643565,3.0,0.0
507,1,9,2126.228773899876,2104.448030919806,0.7401064164052256,0.6778749430610802,4.0,5.0
508,22,23,2132.5618585836946,2062.0570663889894,0.8158623013527287,0.5984404841355957,3.0,8.0
509,25,13,2157.5220238446855,2052.9279135398037,0.9083802482840442,0.5058427248983365,4.0,5.0
510,15,7,2135.7911998033323,2115.615579438554,0.794180801912687,0.6203715248151864,3.0,2.0
511,6,21,2123.067682101616,2065.1320916203686,0.851406595031824,0.5638720181752792,4.0,0.0
512,27,19,2076.303875455429,2186.130554711935,0.5672269893516851,0.8472705346137821,3.0,10.0
513,10,5,2016.3152522815096,2157.086474351574,0.5811599122274388,0.8348916348854711,7.0,1.0
514,8,16,2165.554008109713,2187.5435669039284,0.7343587027563749,0.6798679805994716,4.0,2.0
515,12,0,2212.6270549467595,2083.9672762007694,0.8867965251202866,0.5328420383828528,5.0,12.0
516,26,3,2190.0490461975523,2043.4843813188004,0.9436767155621913,0.4710273301965805,4.0,2.0
517,28,4,2109.3689819742312,2113.681334589751,0.744512182628464,0.6700349745502054,7.0,9.0
518,29,20,2173.988594877678,2112.6083310039207,0.7998089797547286,0.619091039105497,3.0,8.0
519,17,11,2152.5604455626244,2067.536102375755,0.8624445143234385,0.5517966212958699,0.0,4.0
520,12,0,2210.965872285612,2085.627610915713,0.9290685057876824,0.4853369519977717,6.0,3.0
521,1,9,2128.0820475477544,2102.5952076779636,0.7571929717312936,0.6593058640512129,2.0,3.0
522,12,0,2208.0093577604484,2088.583652835284,0.8920549481614851,0.5247166569766257,11.0,4.0
523,25,13,2154.8647605141027,2055.5840523942575,0.9019139218683867,0.5123009238859877,9.0,3.0
524,15,7,2133.6988419357713,2117.7069988539947,0.7565344046451922,0.660975639560872,4.0,2.0
525,27,19,2074.377321362199,2188.0598645244686,0.6410693089640235,0.7789094823305547,3.0,2.0
526,10,5,2019.2290966346748,2154.1710901849456,0.5578165631910249,0.8564227428634197,3.0,9.0
527,8,16,2167.2292120055627,2185.8692198777617,0.6982870897498804,0.7181890475856588,2.0,3.0
528,29,11,2177.643447680133,2063.88346351887,0.8669899562220128,0.5520783475046163,8.0,11.0
529,26,28,2193.08995650562,2106.326738720304,0.8840328573549548,0.5306030601733644,4.0,6.0
530,2,20,2172.3759296739436,2110.5405999039526,0.8243819025517151,0.5907826300966454,4.0,5.0
531,24,1,2084.7597960294684,2131.9791066309194,0.6740260962043425,0.7427708765398481,6.0,1.0
532,23,27,2059.2309430888326,2077.202665576503,0.6970771246796039,0.7225450759531974,4.0,1.0
533,19,0,2186.872268158645,2089.771255158876,0.8746742340349856,0.5441870101682659,5.0,4.0
534,14,9,2246.8616142849723,2105.566495384019,0.9278235289140597,0.48662959982168424,11.0,3.0
535,22,12,2129.69698477684,2210.8754347253857,0.5884550980010418,0.8278446856203854,5.0,3.0
536,5,6,2152.818269420756,2124.419718787785,0.8342457184280292,0.5812469543848936,2.0,1.0
537,25,7,2152.202888999186,2120.3668418347247,0.8011336124162458,0.615634904151021,6.0,2.0
538,13,16,2056.880561188909,2184.574116472526,0.5746453060297917,0.8400124702394088,4.0,5.0
539,21,15,2063.189185810818,2135.6412744809304,0.6519077600965323,0.7623409379188392,5.0,4.0
540,26,28,2191.7800578639885,2107.6371419597253,0.8482461472684011,0.5663015104326207,5.0,4.0
541,8,10,2171.2051424987976,2015.2557245409325,0.9511401322671468,0.46416407084183703,4.0,7.0
542,3,4,2041.6069024617211,2115.557390661844,0.6403741171754269,0.7763277320461159,5.0,4.0
543,29,11,2174.856877595993,2066.669563327804,0.8823580537747404,0.5334747787730577,9.0,3.0
544,24,1,2081.116768182083,2135.6211935738893,0.6391623767339171,0.7818650389811083,5.0,1.0
545,23,27,2054.2120776280403,2082.216208595263,0.732181645476804,0.6821191216982763,10.0,1.0
546,22,12,2122.895604331537,2217.6842284412946,0.6382046330478571,0.7777765199389064,13.0,2.0
547,14,9,2245.7314462404165,2106.6970196350494,0.9217635765801688,0.4928134824543565,4.0,3.0
548,25,7,2149.884068105399,2122.6839254481733,0.7934744968460845,0.6234017243143719,3.0,0.0
549,5,6,2156.1875815496282,2121.051593757923,0.8278788405643399,0.5865802627016384,4.0,7.0
550,11,29,2063.90342340541,2177.6245535050334,0.6058449356248821,0.8090945037403049,5.0,3.0
551,3,4,2039.7287529801856,2117.4339256995863,0.6406819431967825,0.7752993314337847,5.0,4.0
552,8,10,2168.958465766939,2017.5026879971524,0.9104833157446719,0.5098647167935623,6.0,1.0
553,2,20,2170.9463842268988,2111.9700718922313,0.7902006234813573,0.6287273870437307,6.0,5.0
554,13,16,2059.5734922920233,2181.885104021708,0.5651181705790963,0.851133781348247,2.0,7.0
555,26,28,2190.321329842991,2109.095878446465,0.7962410465795239,0.6241415789777862,2.0,1.0
556,19,0,2189.198474082868,2087.4517067182414,0.8887696756391669,0.5289995307719356,3.0,4.0
557,29,11,2176.557173919043,2064.9702340460303,0.9264859889868473,0.48779626793881936,5.0,4.0
558,21,15,2057.9523872571667,2140.877315600197,0.6138431735849701,0.8014295139649524,12.0,5.0
559,24,1,2077.603611698687,2139.1315939462606,0.6633699134953543,0.7521955192399679,6.0,2.0
560,19,0,2187.601344137143,2089.0494777961217,0.8662270270891891,0.5549317741714797,5.0,3.0
561,14,9,2243.7562442337066,2108.6732327392137,0.9342183620746511,0.48001113351666475,5.0,1.0
562,23,27,2051.347803641259,2085.078904464118,0.6909741466039395,0.7256670598767209,7.0,4.0
563,22,12,2120.736107420252,2219.8460263853954,0.6112957144741906,0.8032928453023191,4.0,3.0
564,25,7,2152.5166451965665,2120.0598550657387,0.7888019436699187,0.6301719400849219,2.0,4.0
565,13,16,2055.1373403920397,2186.3178977054436,0.5707305452919198,0.8438922094739573,7.0,2.0
566,5,6,2162.2925522875144,2114.951191146051,0.7949589352357341,0.6217276168074699,1.0,10.0
567,3,4,2042.2354092894097,2114.932268225702,0.6584611781174848,0.7566771818975644,5.0,8.0
568,8,10,2174.0800511982097,2012.3868715216258,0.9190334849532258,0.5029367293700886,5.0,10.0
569,2,20,2166.6349581111244,2116.2808681917704,0.8004887918547028,0.61527703872317,11.0,2.0
570,21,15,2053.5823071600266,2145.2469504897763,0.6035879478644792,0.8114212480427819,7.0,2.0
571,26,28,2192.5324322267006,2106.8834343415406,0.8463739696962682,0.5684351348114954,5.0,6.0
572,29,11,2179.0020043507757,2062.526708106405,0.9172442390671215,0.49712523374971374,2.0,3.0
573,24,0,2074.1808693723115,2092.467556251612,0.7474935122124423,0.6679020613525622,10.0,5.0
574,19,1,2185.0160553304736,2141.7152622442945,0.8172503667921465,0.5975513195339184,5.0,1.0
575,25,7,2150.9939514749512,2121.5828336974096,0.7641914694021564,0.6591547041847053,5.0,4.0
576,22,27,2119.228691216669,2086.5893387961814,0.8137328069900299,0.6025220393281739,8.0,7.0
577,3,4,2045.8970527707854,2111.2804225176783,0.6478181458972623,0.7700503217093569,1.0,7.0
578,23,14,2053.465379373915,2241.6496880493946,0.46236741959415933,0.9612294739145861,1.0,6.0
579,16,15,2182.7026272289545,2148.863189151372,0.7534833186048784,0.6629253787757459,7.0,1.0
580,21,8,2055.301501550557,2172.3612338006824,0.5589914450740585,0.8569456247183819,0.0,2.0
581,28,20,2105.2759369098017,2117.887461680639,0.7313440149737516,0.6836855779962546,9.0,8.0
582,9,12,2110.400131258865,2218.119174939875,0.6327114964240809,0.782700907397762,8.0,10.0
583,6,10,2111.414425772799,2015.9231826371688,0.8837887672863788,0.5304964017508952,9.0,0.0
584,28,20,2103.7085898850682,2119.4536086727994,0.7475360199345731,0.6666851551228409,3.0,2.0
585,18,26,2223.782879493939,2188.2507836572745,0.8134981487049223,0.6010888216640502,5.0,10.0
586,24,0,2070.5423523218524,2096.1035603223136,0.7124264469520477,0.7059991569054902,7.0,2.0
587,23,14,2050.2346489895203,2244.8762102481696,0.4913704304821396,0.9244971876095561,6.0,4.0
588,19,1,2182.612841708995,2144.1180848191257,0.7757576551947747,0.6430145558318683,4.0,1.0
589,22,27,2116.4967138506636,2089.32316473575,0.7286539532639562,0.6877478934202533,6.0,3.0
590,9,12,2114.035482881506,2214.4841000786446,0.6231399929052907,0.7911758010009986,6.0,13.0
591,16,15,2187.3794270735198,2144.1838952718076,0.8059510020607494,0.6082639695811154,3.0,9.0
592,6,10,2109.8089712578326,2017.5285518509622,0.8567220202844094,0.5588075389093725,5.0,3.0
593,13,7,2058.276980847332,2118.4543055633226,0.6328345030290681,0.7901456652354063,0.0,5.0
594,11,17,2064.326489339888,2150.7619991137894,0.5743189435619557,0.8470981994548034,3.0,5.0
595,21,8,2058.293056259263,2169.3702925749844,0.5987888580925215,0.8154373758329736,1.0,6.0
596,18,26,2226.564522255959,2185.468632013673,0.8606867539490678,0.5577457222235235,2.0,4.0
597,25,5,2153.4335510283117,2159.8551360866018,0.7460657883505416,0.6685914219461206,2.0,4.0
598,13,7,2054.8841436883117,2121.8438944554773,0.655655674766916,0.7610030680231632,4.0,0.0
599,5,25,2164.0498574330136,2149.2341311626014,0.7166050207551803,0.7008502597784133,3.0,9.0
600,4,20,2108.7083539821056,2122.0251300946893,0.7226151294260363,0.6921686230620627,6.0,3.0
601,3,28,2048.47125163357,2101.1389041225007,0.6712207415253175,0.7448215967996188,2.0,5.0
602,5,25,2161.692553006473,2151.5940871739285,0.7994740665513016,0.6174827098649255,6.0,3.0
603,16,15,2186.0620035253187,2145.5023080366273,0.8350890908935524,0.5806257998062992,4.0,3.0
604,6,10,2106.8103749989527,2020.5270283005893,0.8468714474844513,0.5687607041490873,10.0,4.0
605,3,28,2050.0926708881484,2099.5203683432906,0.6794231643293708,0.7363479869909918,7.0,8.0
606,4,20,2113.3082098608406,2117.427244395319,0.7309651275903272,0.6843301840101584,6.0,13.0
607,14,23,2243.932736091333,2051.1802073230638,0.9806848197146978,0.43356465820821655,2.0,1.0
608,11,17,2067.6237847651573,2147.466264580495,0.6428689147883779,0.7714415143586715,3.0,8.0
609,2,29,2169.512278379137,2176.1234800556504,0.7317150090890783,0.6825635791529554,5.0,8.0
610,21,8,2060.572229930174,2167.091777009332,0.5996184754964554,0.8147306028613309,3.0,6.0
611,18,26,2229.7053388180666,2182.3264244404045,0.7946633543574209,0.6202247466912485,3.0,6.0
612,1,19,2138.248818991976,2188.4854497463443,0.6283705467469579,0.78755898850709,10.0,1.0
613,27,22,2091.5570781748415,2114.2661657666154,0.7430828637349304,0.6712504391417771,4.0,6.0
614,0,24,2100.9635946343774,2065.6784188045303,0.8221402862783331,0.5970438637518326,2.0,8.0
615,12,9,2213.3798301600173,2115.139957756982,0.9110586784855961,0.5038393155601034,2.0,1.0
616,14,23,2242.746771354722,2052.3695860392877,0.9900524789590818,0.42467050247667715,11.0,9.0
617,1,19,2136.471752058145,2190.2647837292066,0.6816666687110267,0.7334453701632433,4.0,3.0
618,0,24,2099.4705660116856,2067.1761715144976,0.7892723067306868,0.626436923101561,7.0,6.0
619,12,9,2212.1159197152892,2116.403949609295,0.8523657387818733,0.5636005061278194,2.0,1.0
620,27,22,2097.0456698973658,2108.792993341415,0.7021195009816261,0.7198085394134698,4.0,14.0
621,16,13,2184.3515669466724,2056.5958445621304,0.9028352234895746,0.5115534768968424,4.0,1.0
622,6,10,2104.175131415987,2023.1621847507795,0.8573191254474529,0.5571129376715694,7.0,2.0
623,25,5,2153.4674847437914,2159.8206621131785,0.7565151009956688,0.6577655948871354,4.0,5.0
624,11,17,2071.8882225318507,2143.2036197414277,0.6769743666704424,0.7374473700551327,4.0,11.0
625,2,29,2167.9211289226237,2177.715320676696,0.7450376075133481,0.6693737206911178,7.0,6.0
626,18,4,2227.890454582098,2115.1236789482095,0.8889655130162842,0.5255550736133023,6.0,3.0
627,3,28,2053.4970280718185,2096.124213407559,0.6654888856122455,0.7540684986383225,2.0,7.0
628,5,25,2162.44157854282,2150.8454672071016,0.7971930524035221,0.6192831678438653,1.0,3.0
629,18,4,2226.3319408116085,2116.682494253796,0.8662980830815341,0.549538272673308,4.0,2.0
630,1,22,2134.977361755637,2110.286830731396,0.7658832803727639,0.6523958243969861,5.0,4.0
631,0,14,2102.089646919114,2240.1270458351055,0.5453172848975857,0.8691077369027631,3.0,8.0
632,24,19,2072.1497101226464,2185.2929608190857,0.5855507679517565,0.828978983495266,3.0,15.0
633,28,26,2098.0677370500625,2180.383878334633,0.6378365791413886,0.7765115371124911,5.0,7.0
634,9,27,2113.782512520639,2099.668440440696,0.7818615298210874,0.6326805106414983,10.0,6.0
635,5,15,2164.3672033580838,2143.5768117513435,0.767735366894494,0.6470309674285819,5.0,6.0
636,16,13,2183.022246365666,2057.9266806019223,0.9190923592892107,0.4952668563197227,4.0,2.0
637,12,23,2211.117134253314,2053.3700065984144,0.9420002090571332,0.47221925079473304,3.0,2.0
638,6,25,2100.3549680514166,2154.673444031207,0.681011029890289,0.7348950188914584,7.0,2.0
639,11,2,2074.749549684511,2165.05987322578,0.6364588956524375,0.7778700932386663,0.0,4.0
640,20,17,2114.2823948879904,2146.3477480504553,0.7236313399725297,0.6907255984436514,6.0,2.0
641,3,29,2054.782452184499,2176.4331368341523,0.5673351439436529,0.8500600554884031,5.0,6.0
642,10,8,2025.2282105580293,2165.025352452916,0.5910424756420067,0.8258619232594073,5.0,8.0
643,0,14,2103.2931388387474,2238.923277502551,0.5338023593374952,0.881595334473202,5.0,6.0
644,9,27,2116.1651096699143,2097.2852717676224,0.8173002153614708,0.5995037382023496,4.0,6.0
645,1,22,2133.538391111881,2111.72463721479,0.7867957597150377,0.6284426268847303,7.0,6.0
646,3,29,2050.7335888623097,2180.4792627493725,0.554536863078969,0.8629754838704764,7.0,3.0
647,12,23,2210.141338567483,2054.3478436720525,0.9512437717270849,0.4632863942462241,2.0,1.0
648,24,19,2073.5492811525905,2183.894046402193,0.5837890749660428,0.8310913029932754,6.0,7.0
649,18,4,2223.499675769885,2119.5156288508074,0.8701833149883784,0.544656244125969,11.0,5.0
650,28,26,2099.546211055705,2178.9062942347286,0.6344698376689408,0.780219477593072,2.0,3.0
651,11,2,2076.182366963754,2163.6272335748185,0.5917866613366808,0.825008050643563,1.0,2.0
652,10,8,2026.773890061422,2163.4788145614043,0.5512683734972501,0.8629451888947537,1.0,3.0
653,20,17,2111.22956503607,2149.400007102127,0.7450095699026689,0.671596464958082,6.0,2.0
654,16,13,2185.9515568242064,2054.9942834993826,0.9065219533489561,0.5079079221781225,2.0,4.0
655,6,25,2102.931410038583,2152.0945826858665,0.6833197359381129,0.7320936628625101,3.0,6.0
656,5,15,2166.204647997651,2141.7397007011823,0.7353437731472001,0.6841020190677095,5.0,6.0
657,16,13,2184.6491511463305,2056.2981859055412,0.9264478828289617,0.48799436333027196,4.0,2.0
658,6,25,2106.0798193101637,2148.9440901644407,0.7093282302682696,0.7077122274958747,1.0,5.0
659,24,19,2074.9779182154703,2182.466091914116,0.5934462836985988,0.8211529263515018,7.0,8.0
660,1,22,2130.7146813323193,2114.5467907079833,0.7633001456100778,0.6534870110260582,5.0,1.0
661,0,14,2105.27896019491,2236.9371571786187,0.545249001248687,0.8697497138853697,4.0,7.0
662,12,23,2206.7053803946865,2057.7887178609676,0.9211780584579042,0.49309021360329064,11.0,1.0
663,9,27,2117.927167373426,2095.5220521807137,0.7257444020600036,0.6929910627901515,2.0,3.0
664,5,15,2168.093671996911,2139.8511577350446,0.7528071824049932,0.6648089649089579,3.0,4.0
665,11,2,2071.5158154612145,2168.2935383372237,0.6366128591824085,0.7781391501480888,8.0,2.0
666,10,8,2029.4245873161326,2160.8268678526406,0.5647086814914553,0.8495444217784287,5.0,10.0
667,7,21,2118.397767227581,2064.027386544002,0.8408505662378107,0.5757842111675572,8.0,1.0
668,20,17,2109.508948952486,2151.1205106369016,0.7089197522057055,0.7054907652175954,6.0,5.0
669,18,4,2220.7855724676324,2122.2326668836345,0.9309669248054955,0.48695687441007024,10.0,3.0
670,3,29,2055.2999199889387,2175.928326767505,0.549608873447222,0.8722462365043732,3.0,15.0
671,28,26,2094.0657147135726,2184.3844875709297,0.6291169492602837,0.7851418920901186,12.0,4.0
672,14,22,2233.4007444417434,2118.0825575050912,0.889250971211001,0.5267835712358272,11.0,2.0
673,5,15,2166.18989352121,2141.754574300977,0.8009611025905217,0.6133224631391547,4.0,2.0
674,7,21,2121.7058035282303,2060.7145871069047,0.8215394045722345,0.5928737866608119,6.0,9.0
675,4,26,2127.0763502857403,2179.5421374590746,0.6720443604113131,0.7424761723733081,8.0,17.0
676,20,3,2115.056560303623,2047.614407452677,0.8464039799099903,0.5705615948150727,4.0,11.0
677,17,29,2146.920478658516,2182.2896327011977,0.6918922613651628,0.7223237319241815,8.0,2.0
678,14,22,2230.611134473085,2120.8715285881353,0.8883493226294735,0.5270101919709337,6.0,0.0
679,27,23,2093.1673904956106,2060.1451922801275,0.759239581813489,0.6555798455293814,7.0,4.0
680,4,26,2129.9317781980812,2176.688212664905,0.653243259611409,0.7638483863560047,5.0,9.0
681,17,29,2142.9664087628244,2186.2459735957277,0.662281053981355,0.7522860810749632,11.0,6.0
682,15,16,2147.141699136443,2179.2667479321017,0.6788268508109602,0.7384196114634989,2.0,12.0
683,12,24,2204.7886785052297,2076.9005858530727,0.941092359376899,0.47585103976304827,5.0,1.0
684,20,3,2117.1758251823844,2045.491892167823,0.8405059105780817,0.5751477474254135,4.0,5.0
685,18,2,2218.625017502463,2170.4551604497588,0.8209441985113508,0.5933375709511168,6.0,3.0
686,7,13,2123.6624868380213,2054.336894172944,0.7871767859644728,0.62852776031849,4.0,5.0
687,28,11,2097.1141913439856,2068.4692516705063,0.771522738957933,0.6445651128027402,11.0,14.0
688,8,5,2164.5494498058238,2162.466431095146,0.721670350289453,0.6943291157245898,2.0,7.0
689,0,19,2108.0826333684063,2179.6587767996803,0.634666031195529,0.7800570271656785,4.0,8.0
690,9,1,2121.95675494931,2126.685032952624,0.7256611448026727,0.6894138871127237,7.0,13.0
691,10,6,2031.3452051911454,2104.159358995717,0.6479946288865336,0.7662669394183572,5.0,7.0
692,14,22,2235.1863484313635,2116.299063317138,0.9063207937247583,0.5087412339830294,2.0,6.0
693,0,19,2103.4931277086916,2184.260681663278,0.6455316017400616,0.7714671460597509,6.0,0.0
694,12,24,2207.1119738988805,2074.5729780334314,0.8945486504852989,0.5198610122269128,6.0,7.0
695,27,23,2091.298531641656,2062.0159437783213,0.7671070192030246,0.6471668229556883,4.0,2.0
696,9,1,2120.2783889534944,2128.3633730469837,0.705934164604351,0.7105345404625908,8.0,7.0
697,15,16,2144.825520893464,2181.581660745089,0.7063204567285644,0.7080284672169935,6.0,4.0
698,4,26,2133.920651905558,2172.701031225344,0.7068708742520514,0.7073554112950825,2.0,8.0
699,17,29,2144.5327097562213,2184.6780347858225,0.6488809167093088,0.7671179093536415,1.0,2.0
700,10,6,2034.127711517329,2101.3773278186177,0.6437275896866484,0.7710435122235666,4.0,8.0
701,8,5,2168.7263950037805,2158.289130420133,0.7237780642012478,0.6938061127655977,1.0,7.0
702,20,3,2119.354965625778,2043.3101491734478,0.8607826701283781,0.556358711647877,9.0,10.0
703,18,2,2216.340396746406,2172.7406590349783,0.792435503508839,0.622083854753269,9.0,6.0
704,7,13,2122.354983308837,2055.647627285748,0.8408963189595637,0.574317992196496,6.0,5.0
705,28,11,2095.6923462204486,2069.890493099714,0.795064768693021,0.6192271311307107,5.0,4.0
706,14,22,2237.853746520487,2113.6331123131354,0.9426966223362806,0.47156214447578604,1.0,2.0
707,0,19,2101.4693918677176,2186.2891911002075,0.6156850960886996,0.7992363464797961,10.0,9.0
708,27,23,2096.6894060397153,2056.61876075166,0.7838298511117904,0.6304640668614835,2.0,10.0
709,12,24,2205.644667555642,2076.042917701942,0.905784841895325,0.5084590598971238,6.0,4.0
710,9,1,2123.6031940449916,2125.0387099977206,0.7679775601955492,0.6464556542906945,8.0,12.0
711,15,16,2147.180659356426,2179.228150192702,0.71480232103554,0.6995294810571816,2.0,4.0
712,4,26,2135.5806875399835,2171.0419766494165,0.6946116630617982,0.7202383501333377,7.0,8.0
713,17,29,2150.561064128498,2178.6449265134625,0.6814052857538233,0.7335480434881956,4.0,16.0
714,10,6,2030.6098645328811,2104.894773635237,0.633229195566349,0.7815024485847272,5.0,1.0
715,20,2,2115.5979570935156,2176.5000842063223,0.700067705081518,0.7165110082756299,13.0,8.0
716,6,8,2106.4601105399297,2167.160183094076,0.6683353313187091,0.7461253260735947,4.0,5.0
717,20,2,2119.9228973041563,2172.1724842732474,0.6416302870803938,0.7740526168608232,0.0,8.0
718,23,9,2053.9351879811597,2126.2860859828934,0.6122009731596486,0.809569149972122,5.0,3.0
719,22,1,2110.348343863218,2128.3282777407185,0.7143995348469505,0.700001904569519,9.0,5.0
720,19,12,2182.669986507567,2209.261328815833,0.7107545714155086,0.705326064716711,7.0,2.0
721,14,24,2236.117148444741,2077.787716749979,0.9828112506095688,0.43591886019738985,6.0,2.0
722,27,0,2093.913667224534,2104.2418859389177,0.7625283535757861,0.6517029201764456,7.0,3.0
723,15,7,2143.5739536792807,2125.9592216026,0.7723715268721161,0.6438318281166332,9.0,3.0
724,13,16,2052.9220799014606,2181.9519854165683,0.5570362357149339,0.8591623244949959,4.0,2.0
725,21,10,2062.72938573924,2028.5975550018663,0.7787984301808422,0.6381959879539294,1.0,2.0
726,4,28,2133.767084962743,2097.5061143711105,0.7933617033383138,0.6210479026939788,5.0,3.0
727,26,18,2169.244880283932,2218.1369523727576,0.6956701371198617,0.7185666552817226,4.0,3.0
728,17,11,2149.039159278886,2071.4134818253247,0.9002602835741873,0.5167645642661195,4.0,2.0
729,20,2,2122.508548289314,2169.5858024320673,0.6679853896980098,0.7464969998286985,2.0,5.0
730,29,3,2180.783651953499,2045.1405149627403,0.953731733937258,0.46228950057362694,2.0,6.0
731,23,9,2057.231996740337,2122.997452675848,0.6394586105220313,0.7790890391899329,0.0,5.0
732,22,1,2112.2503444921404,2126.424386322953,0.7302741467333445,0.6845707139523135,2.0,3.0
733,14,24,2238.9208581537187,2074.980722462319,0.9772754151541164,0.4395008053466846,4.0,5.0
734,4,28,2135.6963085292787,2095.5766343926934,0.7830730735102431,0.6323328171604239,1.0,2.0
735,17,11,2146.544180236661,2073.9093082062523,0.8340905189908538,0.580439104654913,8.0,4.0
736,15,7,2146.7814054972696,2122.7581485725545,0.7810149812841287,0.6354485178446625,1.0,4.0
737,27,0,2091.8611583427737,2106.293389236812,0.7133496913048796,0.7041343175084936,2.0,0.0
738,13,16,2049.556488538979,2185.315140555144,0.5582137934354467,0.8568770602188542,9.0,6.0
739,29,3,2184.5582752111377,2037.3608270852633,0.9416355537138739,0.47281626787518644,3.0,5.0
740,20,2,2118.647034196199,2173.4488187312313,0.678478034668869,0.7358675888805264,5.0,0.0
741,26,18,2166.7965535353164,2220.5847609172038,0.6704843812591723,0.7439822892903228,5.0,3.0
742,19,12,2180.576214200577,2211.351937185676,0.7547132930641178,0.6598380980118188,3.0,1.0
743,21,10,2067.547263646217,2023.7861928697857,0.7971917628388904,0.6195319999362983,5.0,11.0
744,26,18,2169.5856902321825,2217.7973190348994,0.6200141559299053,0.8032065153634191,4.0,8.0
745,6,8,2110.2556772693456,2163.362474972726,0.6751553542284736,0.7391448812191589,1.0,7.0
746,23,9,2060.3072006928887,2119.928924185656,0.6692608644192779,0.7466394947739514,4.0,8.0
747,14,24,2236.7675706200644,2077.140355684105,0.9476503395887039,0.46702834911238345,7.0,2.0
748,22,1,2109.463210840601,2129.216406836457,0.7259312178945676,0.6892511983997207,3.0,0.0
749,19,12,2178.8076516785186,2213.1195863889325,0.687609633348656,0.7298335737921765,3.0,2.0
750,27,0,2090.1501116951536,2108.0039540058133,0.693562658334543,0.726470417578442,4.0,3.0
751,15,7,2151.005172579542,2118.544660664375,0.7790234102429072,0.6398751596833013,3.0,8.0
752,6,8,2107.855209206906,2165.7644100479474,0.6587216620015152,0.7554926049860586,2.0,0.0
753,13,16,2047.4343073796438,2187.4356109604787,0.5633702716789653,0.8510609964868057,3.0,2.0
754,4,28,2133.8100034867775,2097.463021450844,0.7717029746900508,0.6442353780175276,5.0,3.0
755,17,11,2148.6898317597675,2071.7625355840073,0.836629124907146,0.5781231857896514,3.0,4.0
756,21,10,2071.445903616963,2019.8935936824555,0.8087310004762851,0.6081958688799197,13.0,17.0
757,26,18,2167.7420130612627,2219.6404582172595,0.6789058638673097,0.7354319449350721,1.0,0.0
758,29,3,2193.466315595249,2028.4420107551935,0.9657916320379027,0.4486107062677455,0.0,11.0
759,6,15,2111.422808178139,2147.435261896794,0.7013476383836336,0.7130855514732563,3.0,8.0
760,11,3,2070.290115182879,2029.9183744660522,0.8111376894525517,0.6047632687881597,8.0,7.0
761,13,5,2040.3637265924913,2165.3574486738858,0.5938747712081771,0.8205485891043801,13.0,2.0
762,1,12,2127.3907945042147,2214.9446582986507,0.6666451647496742,0.7489592221013007,5.0,4.0
763,2,28,2172.1728986791504,2098.739398380196,0.8461855107224274,0.5680634041040304,4.0,3.0
764,8,7,2160.1030872450046,2124.20451345384,0.7778136699628454,0.6415215762957163,13.0,0.0
765,20,18,2116.5602522859917,2221.7270708042224,0.5859781955950482,0.8289402198891069,5.0,4.0
766,23,0,2063.969998078853,2104.3561394513604,0.6944794169613283,0.7244094988426746,1.0,6.0
767,19,27,2177.1357042462687,2091.8217183608185,0.850567778406976,0.5659989041945893,6.0,4.0
768,9,24,2118.2223745167307,2078.8500523023176,0.7942261546711873,0.6202994687870099,6.0,4.0
769,21,16,2069.2371348318993,2189.6431292729403,0.5666658664449024,0.8496308654763632,6.0,5.0
770,23,0,2062.2189042251666,2106.104971720542,0.7075233664398248,0.7086988462307314,7.0,6.0
771,22,14,2110.838903397544,2235.3910362546444,0.5663945529520963,0.8478213127203283,6.0,7.0
772,19,27,2175.5654757553557,2093.3910293892627,0.8796584088188918,0.5345956335038519,6.0,4.0
773,1,12,2122.160124033944,2220.174653738356,0.602874897099295,0.8116759317064905,14.0,7.0
774,9,24,2120.2593017659597,2076.8114431715076,0.8287066025062548,0.5880779084769637,3.0,4.0
775,11,3,2068.795278095493,2031.4171966321699,0.803732686985195,0.611957235433374,2.0,1.0
776,6,15,2113.036536134248,2145.8201853138703,0.6807650176614883,0.7337093002331518,0.0,1.0
777,13,5,2042.9291431975885,2162.793221557633,0.5447034958874596,0.8729789591498399,1.0,6.0
778,20,18,2118.5969107506166,2219.6905017778013,0.6561740313242836,0.7604515831973292,1.0,3.0
779,8,7,2158.4007389259114,2125.9043720167583,0.8329952158266254,0.581231426057221,2.0,0.0
780,2,28,2174.2315469474374,2096.679660979038,0.8194553977559994,0.5970043102371794,1.0,2.0
781,21,16,2071.4274759650307,2187.4558830956466,0.5795773292689171,0.8361172723885458,2.0,5.0
782,26,4,2172.136088827288,2129.4140897866637,0.8138596408407583,0.6004046569894457,0.0,5.0
783,29,17,2196.3885547801947,2145.7697601227096,0.8580525180029122,0.5563719867031539,1.0,3.0
784,3,11,2033.0970193217602,2067.120549791592,0.6970959610825739,0.7208434238346083,0.0,1.0
785,18,20,2223.722470915126,2114.5646584143255,0.8490694990786083,0.5705244542172407,7.0,11.0
786,23,0,2064.4818323672425,2103.8524062787014,0.687734918050597,0.7330174652273422,3.0,5.0
787,22,14,2113.0757051167525,2233.1531868478964,0.5861836746056854,0.8282223623283328,2.0,5.0
788,19,27,2172.8623000180605,2096.0948999157213,0.7907916330115058,0.6356262379100512,5.0,1.0
789,1,12,2125.7293567297334,2216.6058004136166,0.6462150065764428,0.7684005661104619,2.0,8.0
790,9,24,2118.252755919594,2078.823682058209,0.8321793065380284,0.5859918481219716,5.0,2.0
791,5,13,2161.7198635816503,2044.0028849076336,0.9201532886835146,0.4941502900093523,5.0,4.0
792,3,11,2036.3898894233203,2063.8369476693,0.7198435647136286,0.696537416682242,0.0,4.0
793,15,6,2147.888575804914,2110.9700691678495,0.7965286392517106,0.6187819884193694,2.0,3.0
794,2,28,2170.1817947294,2100.7305618670853,0.8304994108163956,0.5840484768542371,10.0,1.0
795,29,17,2194.6021520984586,2147.554860449693,0.8312731703160686,0.5830656036755486,5.0,3.0
796,26,4,2169.425096373273,2132.126315724828,0.8023199421789182,0.6119083747905053,5.0,1.0
797,7,8,2127.9444546326467,2156.3564980389365,0.6498191664247981,0.766579095535084,2.0,4.0
798,16,21,2185.317410574972,2073.5676905864966,0.8808549636123282,0.5335088149920836,7.0,3.0
799,23,19,2068.903491838678,2168.4456968160002,0.5820055930576198,0.8355180631066892,1.0,11.0
800,22,14,2110.7196781215644,2235.5103083647373,0.5490854789510515,0.8656380621837351,5.0,4.0
801,9,24,2116.7743307240794,2080.304598636297,0.7776477237445116,0.6365895367695573,7.0,6.0
802,5,13,2160.1817249238334,2045.541322313379,0.8860002497843236,0.528970583812382,2.0,0.0
803,16,21,2184.137139531842,2074.7488650391056,0.8732728681390362,0.5412389207081834,5.0,4.0
804,15,6,2150.6555751356823,2108.20569073481,0.8124077179686159,0.6024201162775383,4.0,6.0
805,2,17,2174.1909350695555,2143.5492764328455,0.755589690664845,0.6635432917456058,2.0,7.0
806,18,20,2222.14326370502,2116.1438947898864,0.9463517171433535,0.47084285352527266,6.0,3.0
807,7,8,2126.3393268412374,2157.9655659135105,0.7506446654675079,0.6696961887329835,3.0,2.0
808,18,4,2220.5467891054222,2133.723987364414,0.8606677837789541,0.553546587605429,9.0,7.0
809,10,7,2022.4659754501772,2123.76936143302,0.6060299214313699,0.8088300013583253,0.0,4.0
810,23,19,2070.3294910125155,2167.0214022382697,0.593935213475508,0.8226084082028933,2.0,3.0
811,1,14,2127.8408648239715,2233.401490815032,0.5801971165133792,0.8367840362155138,0.0,3.0
812,0,12,2105.2572615883228,2215.20020313683,0.6046698991260532,0.8101485603434279,5.0,6.0
813,24,27,2083.909478119053,2092.494771599785,0.7611992160781881,0.6531315840162718,5.0,9.0
814,9,22,2114.33623009549,2113.157116318853,0.7214726153300267,0.6984565797099095,9.0,6.0
815,5,21,2158.8863396140036,2076.044651777062,0.8456897145789304,0.5689784974177852,2.0,1.0
816,16,8,2182.223068410956,2159.880546148564,0.7639266975688035,0.6504768033625223,3.0,1.0
817,13,6,2049.7733743923714,2103.9791088083607,0.6843836466541249,0.730241560613044,2.0,9.0
818,2,17,2171.3468809283318,2146.3925035296966,0.7677157835532596,0.6484231806354653,4.0,0.0
819,3,26,2032.2287714617803,2173.583532321211,0.5369222274640723,0.8829227199927523,5.0,1.0
820,10,7,2023.8307283594672,2122.4062425582288,0.5959979056142801,0.8201686197799413,3.0,4.0
821,24,27,2080.818742282896,2095.582999261869,0.7365679667833929,0.6784865485833305,7.0,3.0
822,23,19,2071.7547952510376,2165.5980083885893,0.593233745197212,0.8240862015259969,2.0,3.0
823,5,21,2157.576844441106,2077.354564332709,0.8410820542298703,0.5736203106518601,4.0,3.0
824,9,22,2111.078683391115,2116.4126367123326,0.7350260965724791,0.6812644540026962,6.0,1.0
825,1,14,2132.141296525162,2229.106286014789,0.6084997436636623,0.8069268562809842,2.0,11.0
826,3,26,2030.0232360064733,2175.7873333460498,0.5365677327082004,0.8820718999479651,5.0,4.0
827,16,8,2179.8870348064424,2162.218097889017,0.7735328406937214,0.6407290918384987,3.0,0.0
828,2,17,2167.79007664293,2149.947827621546,0.7753772237664261,0.6392620576906854,7.0,1.0
829,18,4,2218.603865892281,2135.6687500300395,0.8662239045392816,0.5481697086667263,5.0,2.0
830,0,12,2103.114598703177,2217.344463189604,0.5742524870003705,0.839972648932581,5.0,4.0
831,13,6,2053.484276158771,2100.2757048280014,0.6620073211022902,0.7564633939618134,5.0,11.0
832,23,19,2069.0103836602725,2168.3410298985673,0.5994525810393634,0.8161032692995616,5.0,3.0
833,1,14,2129.604146713478,2231.641399107289,0.6191198701110304,0.795226625114978,5.0,3.0
834,0,12,2105.2531177117244,2215.204147049538,0.5776080799534086,0.8366651609095522,6.0,9.0
835,24,27,2076.219067551381,2100.1811808107864,0.6913047959810248,0.7276458154629701,9.0,2.0
836,5,21,2155.6271371842295,2079.305644352746,0.8775209548098071,0.5375932100166019,6.0,3.0
837,16,8,2177.3653162089827,2164.7408089004653,0.7295806411194635,0.6859860545130877,4.0,1.0
838,9,22,2112.9431927282376,2114.5507082851896,0.763883473763875,0.6506417357643827,7.0,8.0
839,13,6,2055.084517690568,2098.6787893870764,0.672125447078536,0.7456196558406061,2.0,3.0
840,3,26,2026.4228720541323,2179.3847256038043,0.5280098322686184,0.8902846319829133,6.0,3.0
841,10,7,2019.5072771885934,2126.7275010994636,0.5843873383767415,0.8315943547682467,7.0,2.0
842,2,17,2166.301102864723,2151.4361740179506,0.7753324143901184,0.6391041569964231,11.0,10.0
843,18,4,2216.317363827117,2137.9577798573546,0.8657511882549644,0.5489391300846032,5.0,1.0
844,24,22,2079.881329589573,2110.9107365863188,0.6912925319911151,0.7339752887853064,7.0,12.0
845,1,14,2131.799897519184,2229.4488137522108,0.5977066791858263,0.8188220945345274,3.0,6.0
846,0,23,2108.3814875018893,2065.875588744868,0.7811010924292269,0.6335714157283189,5.0,8.0
847,10,13,2021.5917089011878,2052.9978001584564,0.6925772887349078,0.7216736396938652,3.0,5.0
848,2,26,2164.6570842832416,2181.0285513638387,0.7242837337506325,0.6900965979777177,2.0,1.0
849,17,4,2153.981615103387,2135.410442969491,0.7730170658161714,0.641276763634199,2.0,4.0
850,16,8,2179.6910758162794,2162.413388963065,0.7558138510214019,0.6585996753400394,0.0,2.0
851,3,18,2027.9388860700221,2214.8056035894715,0.5277198073440621,0.8867166905023666,6.0,8.0
852,28,29,2102.5446414122466,2192.7880541421055,0.6254727353698646,0.7996078161148911,4.0,6.0
853,0,23,2111.6201343641446,2062.631571647031,0.8051879405287432,0.61045157000107,7.0,10.0
854,24,22,2078.0668959506233,2112.7252657709037,0.6896881707695309,0.7345923215142699,7.0,6.0
855,16,25,2177.439949632769,2151.2001023144217,0.7960216016596053,0.6198591492579472,3.0,0.0
856,3,18,2030.2121628851562,2212.550231889546,0.4567025178070811,0.9750908013897602,3.0,9.0
857,17,4,2156.051942395299,2133.33935629242,0.823311993024471,0.5945275141213233,5.0,6.0
858,10,13,2019.8232743713033,2054.7682562895366,0.6797096419144429,0.7345091013854745,5.0,4.0
859,2,26,2161.979992344709,2183.705393099488,0.721984672606394,0.6922556803752894,7.0,4.0
860,21,15,2081.777364506667,2148.185210763269,0.6350268221581477,0.7809239528630156,0.0,3.0
861,12,14,2217.5209739104293,2227.134469996102,0.7124875079462912,0.7048543250816277,2.0,4.0
862,7,5,2122.9614283727706,2159.399913389407,0.6918608957307837,0.7228730374365637,12.0,7.0
863,8,6,2166.0996249072423,2094.9987677495974,0.7899654926392482,0.6356980306385418,0.0,4.0
864,28,29,2104.6567260093743,2190.6761287230975,0.516613556969868,0.8984063233513856,0.0,4.0
865,27,1,2097.622965513993,2134.357474903908,0.7200159320900755,0.69443178275688,7.0,4.0
866,19,9,2172.291114677337,2108.9993498139675,0.8235418265861654,0.5938140634679103,1.0,5.0
867,24,22,2080.480974192322,2110.32348314939,0.721274147733162,0.6977906616903565,3.0,5.0
868,19,9,2177.0014626433804,2104.29591794343,0.8594576356868135,0.5556608783240193,3.0,8.0
869,0,23,2107.435580351162,2066.831641929066,0.79025569717348,0.6253329731958477,10.0,2.0
870,12,14,2220.1617088713692,2224.498445420295,0.6740493236603876,0.7547640439835992,2.0,5.0
871,27,1,2100.163301809043,2131.817886922043,0.6889096995490351,0.7263643814751809,1.0,4.0
872,16,25,2175.0588966008336,2153.585316847073,0.7647831221360908,0.6496165573980027,6.0,3.0
873,8,6,2164.285073336466,2096.8135122838266,0.7964811023430107,0.626190664329855,5.0,3.0
874,4,17,2137.1346531992313,2152.2601255844734,0.741268320151278,0.6731284225619277,3.0,8.0
875,10,13,2018.069341708283,2056.524562750987,0.6863255576990334,0.728043446269849,4.0,3.0
876,21,15,2079.1784477296655,2150.78341064402,0.6356217380237347,0.7795294100776734,8.0,6.0
877,26,2,2181.2889189929533,2164.3967375532843,0.7855544145475165,0.6287561734349764,5.0,2.0
878,7,5,2125.5298108265574,2156.8271013018593,0.6679233201104621,0.7465394603810837,5.0,8.0
879,29,28,2194.873563992605,2100.459122837601,0.8621761140590892,0.5531000411011179,1.0,5.0
880,8,6,2162.984072528835,2098.1139626919858,0.8313751655615786,0.5846495708845215,4.0,3.0
881,4,17,2140.003211498824,2149.3944509293933,0.7499450905594757,0.6644814527971031,4.0,7.0
882,12,23,2218.4997051902183,2068.4969885280125,0.931288054169128,0.48297985619443357,8.0,5.0
883,10,13,2022.8166899005757,2051.772686269699,0.7074668630710124,0.7071220874529084,6.0,14.0
884,21,15,2080.712269281145,2149.2505337713237,0.6270490406085328,0.7894966990472806,5.0,6.0
885,26,2,2176.397550715852,2169.2887006053993,0.7435368054083524,0.6711614865957409,14.0,5.0
886,7,5,2127.19236603166,2155.1624154786814,0.6952529713035726,0.7190690206267493,7.0,8.0
887,29,28,2198.5915560589474,2096.7413747467576,0.8846780707216058,0.529901022327835,1.0,4.0
888,22,1,2106.921721535924,2135.225795291394,0.6945591629890421,0.7198775675571842,6.0,2.0
889,19,0,2174.8647662930352,2109.5721840351653,0.8288165392722338,0.5908350730934484,3.0,0.0
890,14,24,2227.910121517416,2077.0631530210544,0.939550130727754,0.475801761043143,1.0,3.0
891,17,2,2156.301580687888,2162.3778980269253,0.7309336875589943,0.683354430122392,1.0,14.0
892,22,1,2108.693562609364,2133.4510998286896,0.6872208326011343,0.7269930844245647,3.0,4.0
893,19,0,2173.102733626398,2111.3339562553488,0.82686557915967,0.5922515940940126,6.0,4.0
894,27,9,2103.030494798733,2101.4306119052035,0.7614785097849863,0.6528738546398527,2.0,5.0
895,5,15,2150.433738024325,2153.9797490617098,0.7196096906137028,0.6956613229548776,9.0,1.0
896,25,21,2157.70031538658,2076.5992659541407,0.854057019165357,0.5611074560498434,1.0,5.0
897,12,23,2221.1124082620377,2065.8819563429,0.9765663120638504,0.4406903563454579,6.0,7.0
898,6,16,2103.61445109775,2169.557482423493,0.6381768468277357,0.7767785787644845,2.0,14.0
899,4,3,2143.5642049051276,2026.6462481511196,0.8925153901372276,0.5217027311425789,4.0,7.0
900,26,28,2175.155542517756,2097.9842558727214,0.8748164134573223,0.540058899216135,6.0,5.0
901,8,13,2160.037186504713,2054.7208763395975,0.8931695852548374,0.5210439779177963,9.0,2.0
902,7,10,2129.452289621706,2020.5549716899998,0.8853802291884288,0.528915493658809,2.0,3.0
903,29,18,2200.513694256779,2210.630254026566,0.7601720402451426,0.6540792760939812,2.0,3.0
904,20,11,2120.64020121256,2059.339665280325,0.8322787784811199,0.5820062610382397,6.0,11.0
905,22,1,2105.3180374910266,2136.833657912891,0.700858252885913,0.7141855068191131,5.0,1.0
906,29,18,2195.7344488883186,2215.409839653071,0.6661871399445858,0.7599828395435486,9.0,2.0
907,8,13,2162.3913119797476,2052.365924543258,0.9218808755385786,0.49305219847916903,2.0,3.0
908,7,10,2132.56938560429,2017.4360182014782,0.9154351596621644,0.4990503691935086,4.0,6.0
909,19,0,2176.626726012381,2107.8202357891923,0.8498142799275028,0.5674860465415988,1.0,4.0
910,17,2,2158.666755145577,2160.011567506869,0.7247942495593479,0.6900852749613327,3.0,5.0
911,14,24,2230.5652940407695,2074.402888255396,0.9416919862533374,0.4732447674364281,4.0,5.0
912,12,23,2218.898118865277,2068.100445640996,0.9285752556214807,0.4856481806052708,7.0,2.0
913,27,9,2104.845003165874,2099.6177266692785,0.7447436571742426,0.6710599929087685,2.0,3.0
914,20,11,2117.541618219991,2062.43898847863,0.844059337214722,0.5704780524045402,7.0,1.0
915,26,28,2172.967558592768,2100.173048946062,0.8271824853183001,0.5876117543821268,4.0,1.0
916,25,21,2154.065548271854,2080.233130728883,0.8454217213007426,0.5695831372726533,9.0,1.0
917,6,16,2098.663311823165,2174.509113028124,0.6403247032556575,0.7739133606302272,10.0,3.0
918,4,3,2148.4163172712338,2021.7873708956924,0.90155133009492,0.5126879802193127,2.0,7.0
919,5,15,2154.741515660879,2149.671607639268,0.8118108954409661,0.6061025962092914,3.0,8.0
920,19,0,2174.237533132027,2110.2078261875986,0.8485698049208786,0.568002746863306,7.0,3.0
921,14,24,2227.65530238818,2077.3247958547313,0.9406733150193943,0.4749228650014821,9.0,1.0
922,22,1,2101.433770593454,2140.7266892989796,0.6905946930004926,0.7246599273851969,7.0,2.0
923,12,23,2216.5809348155376,2070.4253017053766,0.9538838031582549,0.46227177338277514,8.0,2.0
924,25,21,2152.8551287186647,2081.44300877487,0.8747571789970101,0.5396138551380392,5.0,4.0
925,6,16,2102.0552262902,2171.1168754008745,0.675253620093723,0.7395139048816531,5.0,10.0
926,27,9,2103.3146337892176,2101.147285659755,0.7580395544528614,0.656482258104593,1.0,0.0
927,4,3,2144.793976909368,2025.4177794230684,0.9252265137133198,0.490481272573277,13.0,2.0
928,8,13,2160.919808556977,2053.838018927384,0.890133730081298,0.524127145191925,2.0,0.0
929,20,11,2120.993347929739,2058.9866070045077,0.8446999975178343,0.5695458027155051,2.0,5.0
930,5,15,2152.104131553262,2152.3093631920133,0.7331393884475964,0.681548226350039,3.0,0.0
931,26,28,2175.886704285244,2097.25232804893,0.8540622603290551,0.560157702804572,4.0,6.0
932,7,10,2130.0158993755476,2019.992069919754,0.9179144911517073,0.49717632353499824,7.0,1.0
933,17,2,2157.1116958825223,2161.5674482250383,0.7695460784994202,0.6458013373774233,1.0,0.0
934,14,24,2224.8520766065826,2080.1387928715426,0.9254379794402537,0.4896357171580779,8.0,1.0
935,29,18,2198.501874055702,2212.6483103546766,0.6942974180566331,0.7270612676139738,1.0,4.0
